symbol,error,name,sector,market_cap_cr,current_price,high_52w,low_52w,pe_ratio,book_value,dividend_yield,roce,roe,face_value,price_to_book,promoter_holding,fii_holding,dii_holding,government_holding,public_holding,sales_growth_5y,sales_growth_3y,sales_growth_ttm,profit_growth_5y,profit_growth_3y,profit_growth_ttm,price_cagr_5y,price_cagr_3y,operating_margin,roce_latest,price_cagr_10y,roe_latest,sales_growth_10y,profit_growth_10y
360ONE,,360 ONE WAM Ltd,*The pros and cons are machine generated.Pros / cons are based on a checklist to highlight important points. Please exercise caution and do your own analysis.,43773.0,1073.0,1236.0,906.0,34.7,242.0,1.12,12.1,14.4,1.0,4.43,6.2,58.55,18.7,0.0,16.53,22.0,30.0,37.0,27.0,23.0,19.0,22.0,27.0,62.0,12.0,,,,
3MINDIA,,3M India Ltd,*The pros and cons are machine generated.Pros / cons are based on a checklist to highlight important points. Please exercise caution and do your own analysis.,38425.0,34095.0,38300.0,28730.0,62.8,1906.0,0.47,40.5,30.5,10.0,17.89,75.0,3.5,8.16,,13.33,7.0,17.0,3.0,10.0,53.0,23.0,6.0,4.0,19.0,41.0,10.0,,,
AADHARHFC,,Aadhar Housing Finance Ltd,*The pros and cons are machine generated.Pros / cons are based on a checklist to highlight important points. Please exercise caution and do your own analysis.,20238.0,462.0,563.0,425.0,17.6,173.0,0.0,11.4,15.9,10.0,2.67,64.66,5.8,9.92,,19.61,19.0,22.0,18.0,27.0,25.0,22.0,,,,,,16.0,,
AARTIIND,,Aarti Industries Ltd,*The pros and cons are machine generated.Pros / cons are based on a checklist to highlight important points. Please exercise caution and do your own analysis.,17815.0,491.0,552.0,338.0,34.1,164.0,0.2,6.86,7.13,5.0,2.99,41.82,7.0,21.11,0.01,30.08,13.0,8.0,27.0,-5.0,-9.0,122.0,-10.0,-1.0,15.0,7.0,14.0,,11.0,5.0
AAVAS,,AAVAS Financiers Ltd,*The pros and cons are machine generated.Pros / cons are based on a checklist to highlight important points. Please exercise caution and do your own analysis.,10186.0,1285.0,1775.0,1050.0,20.8,477.0,0.0,9.91,13.9,10.0,2.69,48.88,16.28,22.15,,12.69,23.0,22.0,25.0,23.0,19.0,14.0,-12.0,-8.0,,,,14.0,,
ABBOTINDIA,no core fields extracted (page structure may have changed),Abbott India Ltd,*The pros and cons are machine generated.Pros / cons are based on a checklist to highlight important points. Please exercise caution and do your own analysis.,,,,,,,,,,,,74.99,0.38,8.77,,15.85,,,,,,,,,,,,,,
ABCAPITAL,,Aditya Birla Capital Ltd,*The pros and cons are machine generated.Pros / cons are based on a checklist to highlight important points. Please exercise caution and do your own analysis.,112258.0,410.0,431.0,278.0,27.9,131.0,0.0,8.72,12.0,10.0,3.13,68.81,7.94,13.36,0.11,9.77,19.0,15.0,16.0,28.0,-7.0,18.0,31.0,32.0,,,,12.0,29.0,22.0
ABDL,,Allied Blenders & Distillers Ltd,*The pros and cons are machine generated.Pros / cons are based on a checklist to highlight important points. Please exercise caution and do your own analysis.,18114.0,648.0,720.0,382.0,81.2,59.4,0.83,18.4,14.3,2.0,10.91,80.91,3.24,5.07,,10.77,11.0,8.0,8.0,147.0,422.0,-7.0,,,14.0,18.0,,,,
ABFRL,,Aditya Birla Fashion & Retail Ltd,*The pros and cons are machine generated.Pros / cons are based on a checklist to highlight important points. Please exercise caution and do your own analysis.,6122.0,50.2,95.0,48.7,,47.8,0.0,-3.76,-13.6,10.0,1.05,46.61,12.87,5.69,0.0,34.52,9.0,-13.0,11.0,-6.0,,-10.0,-7.0,-14.0,8.0,-4.0,0.0,,,
ABLBL,,Aditya Birla Lifestyle Brands Ltd,*The pros and cons are machine generated.Pros / cons are based on a checklist to highlight important points. Please exercise caution and do your own analysis.,9907.0,81.2,151.0,80.8,46.4,11.6,0.62,15.0,14.9,10.0,7.0,46.6,12.7,20.8,,19.42,,,9.0,,,32.0,,,16.0,15.0,,,,
ABREL,,Aditya Birla Real Estate Ltd,*The pros and cons are machine generated.Pros / cons are based on a checklist to highlight important points. Please exercise caution and do your own analysis.,14143.0,1266.0,1918.0,1080.0,,331.0,0.2,-4.48,-2.64,10.0,3.82,50.21,9.26,16.63,0.0,23.14,-31.0,-53.0,-55.0,,,-250.0,8.0,7.0,-86.0,-4.0,12.0,,,
ABSLAMC,,Aditya Birla Sun Life AMC Ltd,*The pros and cons are machine generated.Pros / cons are based on a checklist to highlight important points. Please exercise caution and do your own analysis.,30684.0,1060.0,1225.0,708.0,30.4,140.0,2.4,32.2,25.2,5.0,7.57,74.72,4.41,14.26,0.03,6.58,11.0,15.0,7.0,13.0,18.0,4.0,,36.0,59.0,32.0,,,,
ACC,,ACC Ltd,*The pros and cons are machine generated.Pros / cons are based on a checklist to highlight important points. Please exercise caution and do your own analysis.,23656.0,1260.0,1987.0,1219.0,12.4,1094.0,0.6,11.2,10.9,10.0,1.15,56.69,5.83,21.12,0.15,16.19,14.0,5.0,12.0,7.0,31.0,-19.0,-12.0,-14.0,10.0,11.0,-3.0,,8.0,12.0
ACE,,Action Construction Equipment Ltd,*The pros and cons are machine generated.Pros / cons are based on a checklist to highlight important points. Please exercise caution and do your own analysis.,14638.0,1229.0,1242.0,745.0,33.5,169.0,0.16,31.6,22.8,2.0,7.27,65.42,7.82,2.59,,24.12,22.0,15.0,5.0,40.0,38.0,3.0,38.0,21.0,16.0,32.0,40.0,,18.0,48.0
ACMESOLAR,,ACME Solar Holdings Ltd,*The pros and cons are machine generated.Pros / cons are based on a checklist to highlight important points. Please exercise caution and do your own analysis.,30767.0,435.0,441.0,196.0,51.7,83.5,0.05,8.89,10.4,2.0,5.21,71.4,4.39,19.1,,4.92,4.0,16.0,48.0,51.0,149.0,45.0,,,87.0,9.0,,,,
ACUTAAS,,Acutaas Chemicals Ltd,*The pros and cons are machine generated.Pros / cons are based on a checklist to highlight important points. Please exercise caution and do your own analysis.,28166.0,3440.0,3740.0,1290.0,72.9,202.0,0.07,31.6,24.0,5.0,17.03,32.66,21.61,19.55,0.01,26.16,32.0,30.0,41.0,46.0,62.0,104.0,42.0,75.0,37.0,32.0,,,,
AEGISLOG,,Aegis Logistics Ltd,*The pros and cons are machine generated.Pros / cons are based on a checklist to highlight important points. Please exercise caution and do your own analysis.,49681.0,1415.0,1498.0,576.0,39.7,173.0,0.61,13.3,16.3,1.0,8.18,58.1,19.54,3.6,,18.77,17.0,-1.0,30.0,31.0,24.0,89.0,43.0,62.0,21.0,13.0,24.0,,14.0,23.0
AEGISVOPAK,,Aegis Vopak Terminals Ltd,*The pros and cons are machine generated.Pros / cons are based on a checklist to highlight important points. Please exercise caution and do your own analysis.,34896.0,315.0,317.0,158.0,129.0,38.7,0.06,7.56,11.0,10.0,8.14,86.94,5.35,5.3,,2.41,,38.0,26.0,,1472.0,43.0,,,75.0,8.0,,,,
AFCONS,,Afcons Infrastructure Ltd,*The pros and cons are machine generated.Pros / cons are based on a checklist to highlight important points. Please exercise caution and do your own analysis.,9687.0,263.0,479.0,225.0,47.3,148.0,0.76,13.9,5.61,10.0,1.78,50.17,12.15,20.07,,17.62,5.0,-2.0,-12.0,12.0,-11.0,-62.0,,,9.0,14.0,,,,
AFFLE,,Affle 3i Ltd,*The pros and cons are machine generated.Pros / cons are based on a checklist to highlight important points. Please exercise caution and do your own analysis.,22596.0,1604.0,2186.0,1251.0,47.3,259.0,0.0,16.8,13.8,2.0,6.19,54.91,15.37,18.77,,10.82,39.0,24.0,20.0,28.0,23.0,19.0,11.0,14.0,22.0,17.0,,,,
AIAENG,,AIA Engineering Ltd,*The pros and cons are machine generated.Pros / cons are based on a checklist to highlight important points. Please exercise caution and do your own analysis.,37079.0,3973.0,5180.0,3030.0,29.2,860.0,0.4,21.1,17.0,2.0,4.62,58.5,16.87,22.1,0.0,2.54,9.0,-3.0,6.0,19.0,7.0,15.0,14.0,4.0,28.0,21.0,13.0,,8.0,12.0
AIIL,,Authum Investment & Infrastructure Ltd,*The pros and cons are machine generated.Pros / cons are based on a checklist to highlight important points. Please exercise caution and do your own analysis.,47472.0,559.0,684.0,400.0,22.6,173.0,0.02,13.3,12.8,1.0,3.23,68.81,14.28,0.2,,16.69,,69.0,-35.0,,214.0,-49.0,86.0,84.0,,,110.0,13.0,,
AJANTPHARM,,Ajanta Pharma Ltd,*The pros and cons are machine generated.Pros / cons are based on a checklist to highlight important points. Please exercise caution and do your own analysis.,44530.0,3564.0,3797.0,2330.0,39.2,362.0,0.9,34.5,27.1,2.0,9.85,63.49,7.68,21.8,0.0,7.03,14.0,13.0,20.0,12.0,24.0,22.0,19.0,28.0,25.0,35.0,11.0,,12.0,10.0
ALKEM,,Alkem Laboratories Ltd,*The pros and cons are machine generated.Pros / cons are based on a checklist to highlight important points. Please exercise caution and do your own analysis.,65360.0,5466.0,5934.0,5051.0,28.8,1156.0,0.97,21.2,18.9,2.0,4.73,49.7,10.42,22.64,0.0,17.25,11.0,8.0,13.0,9.0,32.0,0.0,8.0,14.0,20.0,21.0,12.0,,12.0,12.0
AMBER,,Amber Enterprises India Ltd,*The pros and cons are machine generated.Pros / cons are based on a checklist to highlight important points. Please exercise caution and do your own analysis.,25128.0,7125.0,8974.0,5400.0,122.0,1242.0,0.0,10.3,5.99,10.0,5.74,38.09,20.47,30.54,,10.88,32.0,21.0,15.0,19.0,8.0,-25.0,18.0,34.0,7.0,10.0,,,27.0,24.0
ANANDRATHI,,Anand Rathi Wealth Ltd,*The pros and cons are machine generated.Pros / cons are based on a checklist to highlight important points. Please exercise caution and do your own analysis.,37017.0,2229.0,2268.0,1354.0,79.6,60.1,0.29,59.2,47.3,5.0,37.09,41.37,6.37,10.4,0.0,41.86,36.0,31.0,23.0,55.0,33.0,45.0,,80.0,39.0,59.0,,,,
ANANTRAJ,,Anant Raj Ltd,*The pros and cons are machine generated.Pros / cons are based on a checklist to highlight important points. Please exercise caution and do your own analysis.,21814.0,606.0,744.0,403.0,37.7,161.0,0.16,12.1,11.2,2.0,3.76,57.43,10.74,4.6,0.0,27.22,59.0,38.0,17.0,120.0,54.0,26.0,57.0,40.0,27.0,12.0,35.0,,19.0,21.0
ANGELONE,,Angel One Ltd,*The pros and cons are machine generated.Pros / cons are based on a checklist to highlight important points. Please exercise caution and do your own analysis.,27339.0,299.0,360.0,209.0,26.5,67.2,1.35,14.8,15.6,1.0,4.45,28.59,13.76,20.34,0.01,37.3,32.0,20.0,9.0,25.0,1.0,4.0,20.0,18.0,37.0,15.0,,,28.0,40.0
ANTHEM,,Anthem Biosciences Ltd,*The pros and cons are machine generated.Pros / cons are based on a checklist to highlight important points. Please exercise caution and do your own analysis.,52306.0,928.0,978.0,579.0,88.2,54.2,0.22,30.4,22.3,2.0,17.12,71.42,2.57,13.48,,12.52,14.0,26.0,-2.0,17.0,21.0,18.0,,,40.0,30.0,,,,
ANURAS,,Anupam Rasayan India Ltd,*The pros and cons are machine generated.Pros / cons are based on a checklist to highlight important points. Please exercise caution and do your own analysis.,13750.0,1208.0,1415.0,1045.0,78.7,290.0,0.12,7.38,5.55,10.0,4.17,59.07,7.72,0.38,,32.82,24.0,14.0,52.0,19.0,-2.0,42.0,10.0,9.0,22.0,7.0,,,,
APARINDS,,Apar Industries Ltd,*The pros and cons are machine generated.Pros / cons are based on a checklist to highlight important points. Please exercise caution and do your own analysis.,78963.0,18858.0,19080.0,6800.0,65.5,1343.0,0.32,31.8,20.3,10.0,14.04,55.42,11.36,24.88,0.0,8.34,29.0,17.0,24.0,44.0,16.0,37.0,97.0,51.0,9.0,32.0,42.0,,16.0,24.0
APLAPOLLO,,APL Apollo Tubes Ltd,*The pros and cons are machine generated.Pros / cons are based on a checklist to highlight important points. Please exercise caution and do your own analysis.,63031.0,2270.0,2301.0,1653.0,51.3,191.0,0.37,31.8,25.4,2.0,11.88,28.25,35.12,18.58,,18.04,22.0,13.0,10.0,27.0,23.0,53.0,20.0,12.0,8.0,32.0,38.0,,19.0,26.0
APOLLOTYRE,,Apollo Tyres Ltd,*The pros and cons are machine generated.Pros / cons are based on a checklist to highlight important points. Please exercise caution and do your own analysis.,25995.0,409.0,540.0,365.0,12.2,263.0,1.47,13.9,13.1,1.0,1.56,36.93,10.09,29.05,1.57,21.97,10.0,5.0,11.0,24.0,26.0,73.0,13.0,3.0,14.0,14.0,7.0,,9.0,7.0
APTUS,,Aptus Value Housing Finance India Ltd,*The pros and cons are machine generated.Pros / cons are based on a checklist to highlight important points. Please exercise caution and do your own analysis.,11904.0,238.0,332.0,193.0,12.1,101.0,1.89,15.4,20.1,2.0,2.36,23.86,29.96,29.9,,16.27,28.0,26.0,21.0,29.0,23.0,23.0,-7.0,-5.0,,,,20.0,,
ARE&M,,Amara Raja Energy & Mobility Ltd,*The pros and cons are machine generated.Pros / cons are based on a checklist to highlight important points. Please exercise caution and do your own analysis.,14569.0,796.0,1028.0,670.0,20.0,442.0,1.33,12.2,7.18,1.0,1.8,32.86,17.34,15.31,0.0,34.5,14.0,10.0,13.0,-3.0,-10.0,-7.0,2.0,7.0,11.0,12.0,-2.0,,,
ASAHIINDIA,,Asahi India Glass Ltd,*The pros and cons are machine generated.Pros / cons are based on a checklist to highlight important points. Please exercise caution and do your own analysis.,24500.0,961.0,1074.0,775.0,54.9,154.0,0.21,11.5,10.3,1.0,6.24,51.58,4.85,5.26,0.0,38.31,16.0,7.0,10.0,22.0,-2.0,37.0,22.0,15.0,20.0,11.0,18.0,,8.0,14.0
ASHOKLEY,,Ashok Leyland Ltd,*The pros and cons are machine generated.Pros / cons are based on a checklist to highlight important points. Please exercise caution and do your own analysis.,95744.0,163.0,215.0,134.0,25.7,24.2,2.15,13.6,27.4,1.0,6.74,51.51,20.67,15.75,0.07,11.99,20.0,5.0,17.0,84.0,45.0,17.0,21.0,21.0,19.0,14.0,15.0,,9.0,15.0
ASTERDM,,Aster DM Quality Care Ltd,*The pros and cons are machine generated.Pros / cons are based on a checklist to highlight important points. Please exercise caution and do your own analysis.,65816.0,755.0,891.0,519.0,182.0,81.1,0.4,11.6,11.3,10.0,9.31,53.72,10.32,16.48,,19.48,-12.0,16.0,16.0,23.0,-1.0,2.0,29.0,32.0,19.0,12.0,,,-1.0,48.0
ASTRAL,,Astral Ltd,*The pros and cons are machine generated.Pros / cons are based on a checklist to highlight important points. Please exercise caution and do your own analysis.,38355.0,1428.0,1769.0,1312.0,64.8,151.0,0.28,19.2,13.8,1.0,9.46,54.22,13.89,20.93,0.37,10.59,16.0,8.0,17.0,6.0,6.0,22.0,-2.0,-9.0,16.0,19.0,22.0,,15.0,18.0
ATGL,,Adani Total Gas Ltd,*The pros and cons are machine generated.Pros / cons are based on a checklist to highlight important points. Please exercise caution and do your own analysis.,72664.0,661.0,860.0,454.0,115.0,44.2,0.04,15.3,14.4,1.0,14.95,74.8,12.77,6.34,,6.07,28.0,10.0,20.0,7.0,6.0,-2.0,-14.0,1.0,19.0,15.0,,,,
ATHERENERG,,Ather Energy Ltd,*The pros and cons are machine generated.Pros / cons are based on a checklist to highlight important points. Please exercise caution and do your own analysis.,65043.0,1640.0,1744.0,534.0,,,0.0,,,1.0,,39.58,16.77,29.82,,13.82,,,,,,,,,-11.0,,,,,
ATUL,,Atul Ltd,*The pros and cons are machine generated.Pros / cons are based on a checklist to highlight important points. Please exercise caution and do your own analysis.,18167.0,6170.0,7198.0,5560.0,22.8,2113.0,0.49,14.9,11.5,10.0,2.92,45.33,7.44,25.93,0.0,21.3,11.0,5.0,16.0,1.0,9.0,59.0,-8.0,-5.0,18.0,15.0,11.0,,9.0,9.0
AUBANK,,AU Small Finance Bank Ltd,*The pros and cons are machine generated.Pros / cons are based on a checklist to highlight important points. Please exercise caution and do your own analysis.,79456.0,1059.0,1145.0,704.0,233.0,,0.09,12.4,22.3,10.0,,22.74,35.98,32.81,,8.47,,29.0,19.0,,49.0,38.0,14.0,12.0,,,,22.0,,
AUROPHARMA,,Aurobindo Pharma Ltd,*The pros and cons are machine generated.Pros / cons are based on a checklist to highlight important points. Please exercise caution and do your own analysis.,99771.0,1734.0,1735.0,1066.0,26.4,652.0,0.23,12.9,10.1,1.0,2.66,51.88,16.38,25.05,0.05,6.63,6.0,11.0,9.0,1.0,23.0,11.0,19.0,25.0,20.0,13.0,8.0,,9.0,6.0
AWL,,AWL Agri Business Ltd,*The pros and cons are machine generated.Pros / cons are based on a checklist to highlight important points. Please exercise caution and do your own analysis.,24301.0,187.0,283.0,171.0,20.7,80.3,0.53,18.3,10.7,1.0,2.33,56.94,21.1,8.46,,12.91,15.0,9.0,17.0,8.0,22.0,2.0,,-19.0,3.2,18.0,,,,
BAJAJHFL,no core fields extracted (page structure may have changed),Bajaj Housing Finance Ltd,*The pros and cons are machine generated.Pros / cons are based on a checklist to highlight important points. Please exercise caution and do your own analysis.,,,,,,,,,,,,86.7,0.9,1.0,0.0,11.34,,,,,,,,,,,,,,
BALKRISIND,,Balkrishna Industries Ltd,*The pros and cons are machine generated.Pros / cons are based on a checklist to highlight important points. Please exercise caution and do your own analysis.,43792.0,2265.0,2775.0,1970.0,31.2,567.0,0.71,11.2,9.66,2.0,3.99,58.3,10.33,24.6,0.0,6.77,13.0,4.0,10.0,-2.0,1.0,-3.0,-2.0,-4.0,22.0,11.0,19.0,,13.0,9.0
BALRAMCHIN,,Balrampur Chini Mills Ltd,*The pros and cons are machine generated.Pros / cons are based on a checklist to highlight important points. Please exercise caution and do your own analysis.,14232.0,673.0,781.0,393.0,38.4,205.0,0.52,9.27,9.51,1.0,3.28,42.86,9.33,29.09,,18.71,5.0,10.0,15.0,-4.0,10.0,-11.0,14.0,15.0,11.0,9.0,20.0,,9.0,5.0
BANDHANBNK,no core fields extracted (page structure may have changed),Bandhan Bank Ltd,*The pros and cons are machine generated.Pros / cons are based on a checklist to highlight important points. Please exercise caution and do your own analysis.,,,,,,,,,,,,37.54,18.64,27.47,0.07,16.26,,,,,,,,,,,,,,
BANKINDIA,,Bank of India,*The pros and cons are machine generated.Pros / cons are based on a checklist to highlight important points. Please exercise caution and do your own analysis.,63737.0,140.0,178.0,116.0,5.41,200.0,3.32,5.93,12.4,10.0,0.7,73.38,6.87,13.96,,5.78,13.0,16.0,6.0,39.0,42.0,19.0,20.0,10.0,,,2.0,12.0,6.0,14.0
BATAINDIA,,Bata India Ltd,*The pros and cons are machine generated.Pros / cons are based on a checklist to highlight important points. Please exercise caution and do your own analysis.,8204.0,638.0,1255.0,605.0,47.2,124.0,3.92,12.7,10.6,5.0,5.15,50.16,6.38,27.22,,16.24,16.0,1.0,2.0,32.0,-19.0,-21.0,-18.0,-27.0,20.0,13.0,2.0,,4.0,0.0
BAYERCROP,,Bayer CropScience Ltd,*The pros and cons are machine generated.Pros / cons are based on a checklist to highlight important points. Please exercise caution and do your own analysis.,16986.0,3780.0,5346.0,3761.0,345.0,84.5,3.97,20.1,15.8,10.0,44.73,71.44,3.97,11.64,,12.96,,,9.0,,,15.0,-7.0,-10.0,4.8,20.0,-1.0,,,
BBTC,,The Bombay Burmah Trading Corporation Ltd,*The pros and cons are machine generated.Pros / cons are based on a checklist to highlight important points. Please exercise caution and do your own analysis.,10550.0,1512.0,2135.0,1301.0,8.52,1009.0,1.12,33.0,18.7,2.0,1.5,74.04,9.46,1.04,,15.46,8.0,6.0,7.0,26.0,31.0,10.0,6.0,9.0,18.0,33.0,10.0,,8.0,12.0
BDL,no core fields extracted (page structure may have changed),Bharat Dynamics Ltd,*The pros and cons are machine generated.Pros / cons are based on a checklist to highlight important points. Please exercise caution and do your own analysis.,,,,,,,,,,,,74.93,1.69,11.53,,11.85,,,,,,,,,,,,,,
BELRISE,,Belrise Industries Ltd,*The pros and cons are machine generated.Pros / cons are based on a checklist to highlight important points. Please exercise caution and do your own analysis.,23229.0,240.0,268.0,143.0,45.5,58.7,0.23,14.5,12.6,5.0,4.09,61.14,12.09,13.12,,13.63,,13.0,12.0,,17.0,29.0,,,12.0,15.0,,,,
BEML,,BEML Ltd,*The pros and cons are machine generated.Pros / cons are based on a checklist to highlight important points. Please exercise caution and do your own analysis.,17782.0,2135.0,2277.0,1355.0,99.6,352.0,0.8,7.66,4.78,5.0,6.07,54.03,5.48,19.4,,21.1,4.0,4.0,13.0,15.0,-3.0,-40.0,30.0,22.0,8.0,8.0,19.0,,4.0,8.0
BERGEPAINT,,Berger Paints India Ltd,*The pros and cons are machine generated.Pros / cons are based on a checklist to highlight important points. Please exercise caution and do your own analysis.,53479.0,459.0,595.0,391.0,43.5,59.3,0.87,21.6,17.3,1.0,7.74,74.98,4.82,11.78,,8.4,12.0,4.0,5.0,10.0,10.0,5.0,-8.0,-10.0,16.0,22.0,8.0,,11.0,12.0
BHARATFORG,,Bharat Forge Ltd,*The pros and cons are machine generated.Pros / cons are based on a checklist to highlight important points. Please exercise caution and do your own analysis.,93806.0,1962.0,2295.0,1179.0,92.9,200.0,0.43,12.6,12.0,2.0,9.81,44.07,15.04,32.18,0.15,8.54,22.0,9.0,18.0,39.0,33.0,-2.0,22.0,20.0,17.0,13.0,16.0,,9.0,5.0
BHARTIHEXA,no core fields extracted (page structure may have changed),Bharti Hexacom Ltd,*The pros and cons are machine generated.Pros / cons are based on a checklist to highlight important points. Please exercise caution and do your own analysis.,,,,,,,,,,,,70.0,3.58,10.64,,15.77,,,,,,,,,,,,,,
BHEL,,Bharat Heavy Electricals Ltd,*The pros and cons are machine generated.Pros / cons are based on a checklist to highlight important points. Please exercise caution and do your own analysis.,153176.0,440.0,447.0,220.0,63.0,75.1,0.32,9.14,6.23,2.0,5.86,58.17,9.52,22.35,0.07,9.88,14.0,13.0,27.0,21.0,36.0,739.0,52.0,53.0,9.0,9.0,16.0,,3.0,16.0
BIKAJI,,Bikaji Foods International Ltd,*The pros and cons are machine generated.Pros / cons are based on a checklist to highlight important points. Please exercise caution and do your own analysis.,14549.0,580.0,800.0,533.0,55.6,64.1,0.22,19.8,17.5,1.0,9.05,73.88,4.61,17.51,,4.01,18.0,15.0,14.0,24.0,24.0,29.0,,6.0,13.0,20.0,,,,
BIOCON,,Biocon Ltd,*The pros and cons are machine generated.Pros / cons are based on a checklist to highlight important points. Please exercise caution and do your own analysis.,62743.0,385.0,447.0,337.0,86.3,210.0,0.13,3.61,1.4,5.0,1.83,44.68,8.14,23.33,0.05,23.75,19.0,15.0,10.0,-12.0,-15.0,100.0,1.0,12.0,20.0,4.0,9.0,,18.0,1.0
BLS,,BLS International Services Ltd,*The pros and cons are machine generated.Pros / cons are based on a checklist to highlight important points. Please exercise caution and do your own analysis.,9326.0,226.0,364.0,218.0,13.2,59.8,1.1,29.3,32.7,1.0,3.78,70.39,4.14,3.1,,22.33,44.0,26.0,32.0,69.0,50.0,25.0,27.0,-6.0,27.0,29.0,21.0,,20.0,36.0
BLUEDART,,Blue Dart Express Ltd,*The pros and cons are machine generated.Pros / cons are based on a checklist to highlight important points. Please exercise caution and do your own analysis.,11440.0,4821.0,7036.0,4628.0,35.3,749.0,0.52,15.8,15.7,10.0,6.44,75.0,3.35,14.47,,7.17,13.0,6.0,9.0,18.0,-10.0,31.0,-5.0,-11.0,16.0,16.0,-1.0,,9.0,3.0
BLUEJET,,Blue Jet Healthcare Ltd,*The pros and cons are machine generated.Pros / cons are based on a checklist to highlight important points. Please exercise caution and do your own analysis.,10888.0,575.0,693.0,325.0,77.3,,0.21,57.3,52.1,2.0,,73.15,0.63,9.11,,17.11,,,-7.0,,,-3.0,,,41.0,57.0,,,,
BLUESTARCO,,Blue Star Ltd,*The pros and cons are machine generated.Pros / cons are based on a checklist to highlight important points. Please exercise caution and do your own analysis.,31496.0,1532.0,2033.0,1432.0,59.5,167.0,0.55,21.2,17.2,2.0,9.17,36.49,12.75,28.24,0.0,22.49,24.0,16.0,6.0,50.0,26.0,-1.0,30.0,19.0,7.0,21.0,19.0,,13.0,18.0
BRIGADE,,Brigade Enterprises Ltd,*The pros and cons are machine generated.Pros / cons are based on a checklist to highlight important points. Please exercise caution and do your own analysis.,20284.0,622.0,802.0,451.0,29.8,209.0,0.32,10.5,10.5,10.0,2.98,41.1,15.63,25.46,,17.8,24.0,18.0,5.0,89.0,35.0,-9.0,18.0,12.0,26.0,11.0,22.0,,11.0,18.0
BSE,,BSE Ltd,*The pros and cons are machine generated.Pros / cons are based on a checklist to highlight important points. Please exercise caution and do your own analysis.,133231.0,3266.0,4447.0,2022.0,47.0,164.0,0.31,60.0,46.0,2.0,19.91,,21.32,24.15,0.09,54.45,52.0,77.0,61.0,69.0,126.0,79.0,91.0,101.0,64.0,60.0,,,23.0,32.0
BSOFT,,Birlasoft Ltd,*The pros and cons are machine generated.Pros / cons are based on a checklist to highlight important points. Please exercise caution and do your own analysis.,7842.0,280.0,474.0,270.0,13.2,147.0,2.32,21.2,14.1,2.0,1.9,40.38,12.78,21.98,0.0,24.85,8.0,3.0,1.0,11.0,18.0,26.0,-7.0,-17.0,17.0,21.0,13.0,,5.0,6.0
CAMS,,Computer Age Management Services Ltd,*The pros and cons are machine generated.Pros / cons are based on a checklist to highlight important points. Please exercise caution and do your own analysis.,17589.0,708.0,845.0,611.0,35.5,53.3,1.77,47.0,36.3,2.0,13.28,0.0,44.88,23.54,0.01,31.56,17.0,16.0,8.0,21.0,17.0,5.0,0.0,12.0,46.0,47.0,,,,
CANFINHOME,no core fields extracted (page structure may have changed),Can Fin Homes Ltd,*The pros and cons are machine generated.Pros / cons are based on a checklist to highlight important points. Please exercise caution and do your own analysis.,,,,,,,,,,,,29.99,13.23,24.53,,32.25,,,,,,,,,,,,,,
CANHLIFE,no core fields extracted (page structure may have changed),Canara HSBC Life Insurance Company Ltd,*The pros and cons are machine generated.Pros / cons are based on a checklist to highlight important points. Please exercise caution and do your own analysis.,,,,,,,,,,,,62.0,5.42,29.67,,2.47,,,,,,,,,,,,,,
CAPLIPOINT,,Caplin Point Laboratories Ltd,*The pros and cons are machine generated.Pros / cons are based on a checklist to highlight important points. Please exercise caution and do your own analysis.,20893.0,2749.0,2877.0,1500.0,31.4,443.0,0.29,24.2,20.9,2.0,6.21,70.57,5.76,2.49,,21.19,16.0,14.0,15.0,21.0,19.0,18.0,26.0,39.0,35.0,24.0,27.0,,25.0,30.0
CARBORUNIV,,Carborundum Universal Ltd,*The pros and cons are machine generated.Pros / cons are based on a checklist to highlight important points. Please exercise caution and do your own analysis.,21420.0,1124.0,1307.0,735.0,85.4,205.0,0.36,10.5,6.92,1.0,5.48,38.9,11.13,29.05,0.01,20.91,15.0,4.0,10.0,-3.0,-14.0,-14.0,6.0,-1.0,11.0,11.0,15.0,,10.0,6.0
CARTRADE,,Cartrade Tech Ltd,*The pros and cons are machine generated.Pros / cons are based on a checklist to highlight important points. Please exercise caution and do your own analysis.,14530.0,2989.0,3291.0,1523.0,61.0,519.0,0.0,11.8,9.65,10.0,5.76,,54.37,15.63,,29.98,26.0,29.0,20.0,20.0,89.0,53.0,16.0,74.0,34.0,12.0,,,37.0,13.0
CASTROLIND,no core fields extracted (page structure may have changed),Castrol India Ltd,*The pros and cons are machine generated.Pros / cons are based on a checklist to highlight important points. Please exercise caution and do your own analysis.,,,,,,,,,,,,51.0,8.17,13.63,0.78,26.41,,,,,,,,,,,,,,
CCL,,CCL Products (India) Ltd,*The pros and cons are machine generated.Pros / cons are based on a checklist to highlight important points. Please exercise caution and do your own analysis.,14229.0,1066.0,1242.0,816.0,32.9,176.0,0.54,15.8,18.0,2.0,6.06,46.14,12.07,21.1,,20.54,29.0,29.0,36.0,16.0,11.0,39.0,22.0,19.0,17.0,16.0,15.0,,17.0,12.0
CDSL,,Central Depository Services (India) Ltd,*The pros and cons are machine generated.Pros / cons are based on a checklist to highlight important points. Please exercise caution and do your own analysis.,29051.0,1390.0,1674.0,1116.0,61.6,93.8,0.92,32.0,24.5,10.0,14.82,15.0,8.24,15.19,,61.57,27.0,27.0,9.0,18.0,18.0,-5.0,17.0,29.0,50.0,32.0,,,25.0,21.0
CEATLTD,,CEAT Ltd,*The pros and cons are machine generated.Pros / cons are based on a checklist to highlight important points. Please exercise caution and do your own analysis.,14032.0,3469.0,4438.0,3061.0,22.0,1247.0,1.01,19.2,16.1,10.0,2.78,47.29,13.82,22.19,0.0,16.42,16.0,11.0,21.0,10.0,54.0,39.0,21.0,18.0,12.0,19.0,12.0,,11.0,5.0
CEMPRO,,Cemindia Projects Ltd,*The pros and cons are machine generated.Pros / cons are based on a checklist to highlight important points. Please exercise caution and do your own analysis.,21705.0,1264.0,1650.0,481.0,36.1,140.0,0.24,32.8,27.8,1.0,9.03,67.46,7.26,2.86,,22.4,30.0,25.0,9.0,112.0,68.0,47.0,75.0,79.0,10.0,33.0,24.0,,13.0,27.0
CENTRALBK,,Central Bank of India,*The pros and cons are machine generated.Pros / cons are based on a checklist to highlight important points. Please exercise caution and do your own analysis.,28720.0,31.7,40.9,29.3,6.29,45.2,3.78,5.64,11.9,10.0,0.7,81.19,0.93,10.95,,6.93,10.0,12.0,9.0,46.0,39.0,8.0,8.0,-13.0,,,-11.0,12.0,3.0,18.0
CESC,,CESC Ltd,*The pros and cons are machine generated.Pros / cons are based on a checklist to highlight important points. Please exercise caution and do your own analysis.,18761.0,142.0,204.0,138.0,12.1,94.5,4.24,10.9,12.0,1.0,1.5,52.11,11.46,26.14,0.01,10.26,10.0,9.0,9.0,2.0,4.0,13.0,9.0,16.0,18.0,11.0,11.0,,4.0,8.0
CGCL,,Capri Global Capital Ltd,*The pros and cons are machine generated.Pros / cons are based on a checklist to highlight important points. Please exercise caution and do your own analysis.,26041.0,271.0,288.0,151.0,23.1,74.9,0.07,11.7,16.5,1.0,3.62,59.92,8.21,18.42,0.0,13.46,45.0,48.0,50.0,40.0,67.0,95.0,18.0,12.0,,,38.0,16.0,38.0,36.0
CHALET,,Chalet Hotels Ltd,*The pros and cons are machine generated.Pros / cons are based on a checklist to highlight important points. Please exercise caution and do your own analysis.,18957.0,866.0,1040.0,690.0,35.4,169.0,0.23,17.0,19.0,10.0,5.12,67.29,4.26,24.99,,3.45,58.0,35.0,6.0,46.0,60.0,88.0,36.0,16.0,45.0,17.0,,,17.0,23.0
CHAMBLFERT,,Chambal Fertilisers & Chemicals Ltd,*The pros and cons are machine generated.Pros / cons are based on a checklist to highlight important points. Please exercise caution and do your own analysis.,16623.0,415.0,545.0,400.0,8.62,260.0,2.65,25.2,20.0,10.0,1.6,61.34,14.92,5.34,,18.4,10.0,-9.0,16.0,6.0,24.0,10.0,6.0,14.0,14.0,25.0,21.0,,9.0,22.0
CHENNPETRO,,Chennai Petroleum Corporation Ltd,*The pros and cons are machine generated.Pros / cons are based on a checklist to highlight important points. Please exercise caution and do your own analysis.,21095.0,1417.0,1678.0,715.0,5.05,746.0,4.38,34.9,31.8,10.0,1.9,67.29,14.98,1.01,0.0,16.71,23.0,-6.0,34.0,64.0,-5.0,2380.0,66.0,38.0,8.0,35.0,17.0,,9.0,15.0
CHOICEIN,,Choice International Ltd,*The pros and cons are machine generated.Pros / cons are based on a checklist to highlight important points. Please exercise caution and do your own analysis.,17017.0,764.0,860.0,569.0,74.6,75.0,0.0,18.0,16.1,10.0,10.19,53.66,10.1,0.28,0.0,35.97,45.0,42.0,26.0,67.0,54.0,32.0,89.0,55.0,35.0,18.0,53.0,,20.0,48.0
CHOLAHLDNG,,Cholamandalam Financial Holdings Ltd,*The pros and cons are machine generated.Pros / cons are based on a checklist to highlight important points. Please exercise caution and do your own analysis.,28311.0,1508.0,2064.0,1305.0,10.6,823.0,0.09,9.75,17.5,1.0,1.83,46.44,13.0,26.89,0.46,13.21,23.0,29.0,18.0,24.0,24.0,21.0,17.0,9.0,,,14.0,17.0,17.0,15.0
CIEINDIA,,CIE Automotive India Ltd,*The pros and cons are machine generated.Pros / cons are based on a checklist to highlight important points. Please exercise caution and do your own analysis.,14687.0,387.0,526.0,367.0,16.4,204.0,1.81,14.7,11.8,10.0,1.9,65.7,4.95,20.65,0.05,8.65,9.0,2.0,13.0,54.0,127.0,15.0,11.0,-8.0,15.0,15.0,7.0,,9.0,21.0
CLEAN,,Clean Science & Technology Ltd,*The pros and cons are machine generated.Pros / cons are based on a checklist to highlight important points. Please exercise caution and do your own analysis.,9054.0,852.0,1177.0,652.0,38.9,149.0,0.7,20.7,15.3,1.0,5.72,51.29,13.37,16.23,0.01,19.11,13.0,1.0,0.0,3.0,-8.0,-13.0,-15.0,-16.0,36.0,21.0,,,,
COCHINSHIP,,Cochin Shipyard Ltd,*The pros and cons are machine generated.Pros / cons are based on a checklist to highlight important points. Please exercise caution and do your own analysis.,36779.0,1398.0,1980.0,1187.0,54.1,223.0,0.64,16.2,12.5,5.0,6.27,67.91,2.83,6.96,,22.3,12.0,29.0,-1.0,4.0,40.0,-19.0,50.0,38.0,15.0,16.0,,,,
COFORGE,,Coforge Ltd,*The pros and cons are machine generated.Pros / cons are based on a checklist to highlight important points. Please exercise caution and do your own analysis.,81552.0,1841.0,2022.0,1008.0,42.5,284.0,0.65,23.5,21.4,2.0,6.48,0.0,24.31,42.62,0.0,33.07,29.0,27.0,36.0,29.0,33.0,98.0,11.0,19.0,19.0,24.0,37.0,,20.0,20.0
COHANCE,,Cohance Lifesciences Ltd,*The pros and cons are machine generated.Pros / cons are based on a checklist to highlight important points. Please exercise caution and do your own analysis.,16758.0,438.0,918.0,267.0,156.0,102.0,0.0,5.81,4.89,1.0,4.29,57.49,6.5,20.09,0.01,15.92,18.0,19.0,-20.0,-12.0,-23.0,-77.0,-3.0,-7.0,15.0,6.0,,,,
COLPAL,,Colgate-Palmolive (India) Ltd,*The pros and cons are machine generated.Pros / cons are based on a checklist to highlight important points. Please exercise caution and do your own analysis.,52161.0,1918.0,2358.0,1782.0,121.0,12.1,2.5,179.0,158.0,1.0,158.51,51.0,13.6,15.54,0.28,19.57,,15.0,15.0,,33.0,50.0,2.0,-1.0,22.0,179.0,7.0,,,
CONCOR,,Container Corporation Of India Ltd,*The pros and cons are machine generated.Pros / cons are based on a checklist to highlight important points. Please exercise caution and do your own analysis.,38427.0,505.0,561.0,421.0,30.9,170.0,1.7,12.6,9.81,5.0,2.97,54.8,7.85,29.85,0.0,7.49,7.0,4.0,2.0,17.0,2.0,-6.0,-2.0,-5.0,22.0,13.0,4.0,,4.0,3.0
CONCORDBIO,,Concord Biotech Ltd,*The pros and cons are machine generated.Pros / cons are based on a checklist to highlight important points. Please exercise caution and do your own analysis.,15634.0,1494.0,1695.0,987.0,56.3,193.0,0.51,17.1,12.5,1.0,7.74,44.08,7.53,9.37,,39.04,11.0,7.0,-7.0,1.0,0.0,-22.0,,15.0,35.0,17.0,,,,
COROMANDEL,,Coromandel International Ltd,*The pros and cons are machine generated.Pros / cons are based on a checklist to highlight important points. Please exercise caution and do your own analysis.,58989.0,2000.0,2499.0,1706.0,31.6,426.0,0.55,22.0,16.4,1.0,4.69,56.35,11.5,19.92,,12.07,17.0,2.0,24.0,8.0,-1.0,-6.0,20.0,22.0,10.0,22.0,23.0,,11.0,19.0
CPPLUS,,Aditya Infotech Ltd,*The pros and cons are machine generated.Pros / cons are based on a checklist to highlight important points. Please exercise caution and do your own analysis.,39691.0,3355.0,4094.0,1227.0,83.2,159.0,0.05,28.6,25.4,1.0,21.1,74.71,6.35,13.61,,5.34,30.0,23.0,52.0,66.0,48.0,215.0,,,15.0,29.0,,,,
CRAFTSMAN,,Craftsman Automation Ltd,*The pros and cons are machine generated.Pros / cons are based on a checklist to highlight important points. Please exercise caution and do your own analysis.,29131.0,11138.0,11999.0,6252.0,62.2,1368.0,0.1,13.9,12.5,5.0,8.14,42.41,17.28,32.9,,7.41,39.0,36.0,38.0,32.0,16.0,103.0,42.0,32.0,16.0,14.0,,,,
CREDITACC,,CreditAccess Grameen Ltd,*The pros and cons are machine generated.Pros / cons are based on a checklist to highlight important points. Please exercise caution and do your own analysis.,22269.0,1388.0,1634.0,1113.0,18.4,490.0,0.0,9.98,10.5,10.0,2.83,66.21,13.48,12.67,,7.64,20.0,20.0,12.0,42.0,-2.0,524.0,17.0,1.0,,,,11.0,,
CRISIL,,CRISIL Ltd,*The pros and cons are machine generated.Pros / cons are based on a checklist to highlight important points. Please exercise caution and do your own analysis.,33475.0,4578.0,5065.0,3686.0,37.8,447.0,0.55,32.6,24.5,1.0,10.24,66.64,6.38,12.95,,14.02,13.0,10.0,22.0,14.0,7.0,22.0,10.0,6.0,30.0,33.0,8.0,,10.0,10.0
CROMPTON,,Crompton Greaves Consumer Electricals Ltd,*The pros and cons are machine generated.Pros / cons are based on a checklist to highlight important points. Please exercise caution and do your own analysis.,14625.0,227.0,314.0,217.0,32.3,46.1,1.32,18.1,10.6,2.0,4.92,0.0,19.89,66.46,0.01,13.63,11.0,6.0,8.0,-11.0,-10.0,-14.0,-14.0,-9.0,10.0,18.0,4.0,,,
CUB,no core fields extracted (page structure may have changed),City Union Bank Ltd,*The pros and cons are machine generated.Pros / cons are based on a checklist to highlight important points. Please exercise caution and do your own analysis.,,,,,,,,,,,,,18.65,44.84,,36.5,,,,,,,,,,,,,,
CYIENT,,Cyient Ltd,*The pros and cons are machine generated.Pros / cons are based on a checklist to highlight important points. Please exercise caution and do your own analysis.,11930.0,1073.0,1228.0,750.0,29.3,511.0,1.49,12.3,8.61,5.0,2.1,24.7,14.53,37.49,0.01,22.74,12.0,7.0,3.0,5.0,-5.0,-35.0,0.0,-13.0,12.0,12.0,9.0,,9.0,4.0
DABUR,,Dabur India Ltd,*The pros and cons are machine generated.Pros / cons are based on a checklist to highlight important points. Please exercise caution and do your own analysis.,70116.0,395.0,538.0,368.0,35.4,64.4,2.09,20.3,17.0,1.0,6.13,66.24,9.66,18.6,0.12,5.37,7.0,5.0,7.0,2.0,4.0,11.0,-9.0,-11.0,19.0,20.0,3.0,,5.0,4.0
DALBHARAT,,Dalmia Bharat Ltd,*The pros and cons are machine generated.Pros / cons are based on a checklist to highlight important points. Please exercise caution and do your own analysis.,33038.0,1761.0,2459.0,1605.0,30.1,959.0,0.51,7.59,6.11,2.0,1.84,55.84,6.81,19.95,0.13,17.26,8.0,3.0,8.0,-2.0,-1.0,19.0,-5.0,-9.0,20.0,8.0,,,,
DATAPATTNS,no core fields extracted (page structure may have changed),Data Patterns (India) Ltd,*The pros and cons are machine generated.Pros / cons are based on a checklist to highlight important points. Please exercise caution and do your own analysis.,,,,,,,,,,,,42.41,12.5,11.98,,33.11,,,,,,,,,,,,,,
DCMSHRIRAM,,DCM Shriram Ltd,*The pros and cons are machine generated.Pros / cons are based on a checklist to highlight important points. Please exercise caution and do your own analysis.,15516.0,995.0,1409.0,945.0,11.3,495.0,1.13,11.5,11.5,2.0,2.01,66.53,3.89,8.45,0.0,20.44,10.0,5.0,11.0,5.0,-1.0,122.0,0.0,-2.0,11.0,12.0,16.0,,9.0,11.0
DEEPAKFERT,,Deepak Fertilisers & Petrochemicals Corp Ltd,*The pros and cons are machine generated.Pros / cons are based on a checklist to highlight important points. Please exercise caution and do your own analysis.,16956.0,1343.0,1681.0,865.0,17.2,542.0,0.74,11.4,10.9,10.0,2.48,45.63,10.02,14.69,,29.68,15.0,1.0,14.0,12.0,-16.0,0.0,27.0,29.0,17.0,11.0,20.0,,10.0,25.0
DEEPAKNTR,,Deepak Nitrite Ltd,*The pros and cons are machine generated.Pros / cons are based on a checklist to highlight important points. Please exercise caution and do your own analysis.,21636.0,1586.0,1904.0,1280.0,27.3,428.0,0.47,11.4,9.82,2.0,3.71,49.34,6.24,23.76,0.0,20.65,13.0,0.0,7.0,-7.0,-13.0,31.0,-8.0,-11.0,16.0,11.0,30.0,,19.0,24.0
DELHIVERY,,Delhivery Ltd,*The pros and cons are machine generated.Pros / cons are based on a checklist to highlight important points. Please exercise caution and do your own analysis.,32070.0,428.0,524.0,374.0,269.0,129.0,0.0,1.01,-0.21,1.0,3.32,,41.93,43.07,,15.0,24.0,13.0,23.0,14.0,26.0,-40.0,,0.0,6.0,1.0,,,,
DEVYANI,,Devyani International Ltd,*The pros and cons are machine generated.Pros / cons are based on a checklist to highlight important points. Please exercise caution and do your own analysis.,17338.0,141.0,183.0,91.6,,12.5,0.0,4.75,-1.56,1.0,11.28,61.37,6.81,18.84,,12.97,38.0,23.0,15.0,12.0,,31.0,4.0,-12.0,15.0,5.0,,,19.0,6.0
DIXON,,Dixon Technologies (India) Ltd,*The pros and cons are machine generated.Pros / cons are based on a checklist to highlight important points. Please exercise caution and do your own analysis.,79552.0,13005.0,18472.0,9600.0,42.4,769.0,0.08,29.2,18.9,2.0,16.91,28.55,17.87,28.38,,25.2,50.0,59.0,14.0,35.0,41.0,119.0,26.0,39.0,3.6,29.0,,,43.0,35.0
DOMS,,DOMS Industries Ltd,*The pros and cons are machine generated.Pros / cons are based on a checklist to highlight important points. Please exercise caution and do your own analysis.,12777.0,2105.0,2755.0,2007.0,58.8,201.0,0.17,24.3,20.7,10.0,10.47,63.38,7.5,25.91,,3.2,42.0,24.0,20.0,91.0,34.0,5.0,,,16.0,24.0,,,,
DUMMYHEG,404 (page not found for standalone),,,,,,,,,,,,,,,,,,,,,,,,,,,,,,,,
ECLERX,,eClerx Services Ltd,*The pros and cons are machine generated.Pros / cons are based on a checklist to highlight important points. Please exercise caution and do your own analysis.,18016.0,1916.0,2498.0,1319.0,24.7,272.0,0.05,34.4,28.4,10.0,7.04,54.53,11.01,23.84,0.02,8.43,21.0,16.0,23.0,21.0,13.0,28.0,20.0,27.0,25.0,34.0,14.0,,12.0,7.0
EIDPARRY,,EID Parry (India) Ltd,*The pros and cons are machine generated.Pros / cons are based on a checklist to highlight important points. Please exercise caution and do your own analysis.,12469.0,701.0,1118.0,683.0,15.4,493.0,0.0,17.0,7.85,1.0,1.42,41.28,11.21,16.67,,30.84,16.0,3.0,16.0,7.0,-11.0,-10.0,11.0,9.0,9.0,17.0,11.0,,10.0,35.0
EIHOTEL,,EIH Ltd,*The pros and cons are machine generated.Pros / cons are based on a checklist to highlight important points. Please exercise caution and do your own analysis.,19880.0,318.0,415.0,271.0,27.4,84.2,0.47,20.7,14.5,2.0,3.78,32.85,6.65,13.78,0.0,46.73,43.0,13.0,8.0,32.0,25.0,-8.0,23.0,12.0,34.0,21.0,12.0,,6.0,17.0
ELECON,,Elecon Engineering Company Ltd,*The pros and cons are machine generated.Pros / cons are based on a checklist to highlight important points. Please exercise caution and do your own analysis.,9452.0,421.0,628.0,352.0,31.3,103.0,0.47,20.9,16.4,1.0,4.09,59.28,6.99,7.18,0.04,26.52,18.0,16.0,3.0,44.0,14.0,-33.0,38.0,5.0,21.0,21.0,30.0,,6.0,29.0
ELGIEQUIP,,Elgi Equipments Ltd,*The pros and cons are machine generated.Pros / cons are based on a checklist to highlight important points. Please exercise caution and do your own analysis.,19317.0,610.0,653.0,408.0,41.6,70.4,0.44,22.1,19.0,1.0,8.66,31.19,21.9,10.12,,36.3,15.0,9.0,16.0,31.0,11.0,28.0,25.0,6.0,15.0,22.0,21.0,,11.0,22.0
EMAMILTD,,Emami Ltd,*The pros and cons are machine generated.Pros / cons are based on a checklist to highlight important points. Please exercise caution and do your own analysis.,16083.0,368.0,592.0,361.0,21.2,67.0,2.71,28.1,26.2,1.0,5.49,54.84,7.87,27.0,0.0,10.28,6.0,4.0,3.0,11.0,5.0,-7.0,-9.0,-12.0,25.0,28.0,-5.0,,5.0,6.0
EMCURE,,Emcure Pharmaceuticals Ltd,*The pros and cons are machine generated.Pros / cons are based on a checklist to highlight important points. Please exercise caution and do your own analysis.,38014.0,2004.0,2101.0,1260.0,36.9,261.0,0.18,24.0,20.1,10.0,7.68,77.83,4.87,8.46,,8.84,13.0,15.0,18.0,18.0,21.0,37.0,,,20.0,24.0,,,,
EMMVEE,,Emmvee Photovoltaic Power Ltd,*The pros and cons are machine generated.Pros / cons are based on a checklist to highlight important points. Please exercise caution and do your own analysis.,22709.0,328.0,372.0,172.0,17.8,53.4,0.3,44.6,50.7,2.0,6.14,80.03,2.92,9.8,0.0,7.24,64.0,101.0,84.0,158.0,393.0,141.0,,,35.0,45.0,,,,
ENDURANCE,,Endurance Technologies Ltd,*The pros and cons are machine generated.Pros / cons are based on a checklist to highlight important points. Please exercise caution and do your own analysis.,38429.0,2732.0,3075.0,2143.0,39.0,486.0,0.42,17.8,14.9,10.0,5.62,75.0,12.69,10.06,,2.24,17.0,18.0,29.0,12.0,26.0,16.0,12.0,19.0,13.0,18.0,,,11.0,12.0
ENGINERSIN,,Engineers India Ltd,*The pros and cons are machine generated.Pros / cons are based on a checklist to highlight important points. Please exercise caution and do your own analysis.,14970.0,266.0,290.0,164.0,19.1,56.0,1.88,30.4,23.4,5.0,4.75,51.32,9.17,14.22,0.04,25.24,5.0,6.0,16.0,15.0,26.0,42.0,29.0,22.0,19.0,30.0,8.0,,10.0,9.0
ERIS,,ERIS Lifesciences Ltd,*The pros and cons are machine generated.Pros / cons are based on a checklist to highlight important points. Please exercise caution and do your own analysis.,18311.0,1321.0,1740.0,1200.0,27.9,282.0,0.55,14.1,18.7,1.0,4.68,54.14,5.76,20.71,,19.39,21.0,23.0,10.0,12.0,19.0,69.0,12.0,17.0,35.0,14.0,,,18.0,17.0
ESCORTS,,Escorts Kubota Ltd,*The pros and cons are machine generated.Pros / cons are based on a checklist to highlight important points. Please exercise caution and do your own analysis.,31306.0,2798.0,3999.0,2700.0,22.0,1106.0,1.18,13.9,18.7,10.0,2.53,68.04,6.36,10.65,,13.29,10.0,11.0,20.0,20.0,47.0,21.0,14.0,-4.0,12.0,14.0,22.0,,13.0,37.0
EXIDEIND,,Exide Industries Ltd,*The pros and cons are machine generated.Pros / cons are based on a checklist to highlight important points. Please exercise caution and do your own analysis.,37047.0,436.0,496.0,287.0,39.5,164.0,0.46,8.54,5.97,1.0,2.66,45.99,10.62,19.3,0.0,24.08,12.0,6.0,8.0,1.0,2.0,11.0,19.0,19.0,10.0,9.0,9.0,,7.0,2.0
FACT,,Fertilizers & Chemicals Travancore Ltd,*The pros and cons are machine generated.Pros / cons are based on a checklist to highlight important points. Please exercise caution and do your own analysis.,49449.0,764.0,1059.0,652.0,3339.0,21.2,0.03,8.65,1.61,10.0,36.04,90.0,0.16,0.07,8.96,0.81,8.0,-3.0,30.0,45.0,-63.0,-82.0,45.0,13.0,2.0,9.0,42.0,,7.0,7.0
FEDERALBNK,,Federal Bank Ltd,*The pros and cons are machine generated.Pros / cons are based on a checklist to highlight important points. Please exercise caution and do your own analysis.,82274.0,333.0,372.0,189.0,17.6,162.0,0.36,6.39,11.6,2.0,2.06,,27.71,49.27,0.0,23.0,16.0,19.0,7.0,21.0,11.0,16.0,33.0,31.0,,,17.0,12.0,14.0,24.0
FINCABLES,,Finolex Cables Ltd,*The pros and cons are machine generated.Pros / cons are based on a checklist to highlight important points. Please exercise caution and do your own analysis.,21583.0,1411.0,1498.0,701.0,27.0,398.0,0.64,16.0,12.3,2.0,3.55,35.86,9.65,16.71,,37.8,18.0,12.0,27.0,9.0,12.0,29.0,23.0,9.0,10.0,16.0,13.0,,10.0,9.0
FIRSTCRY,,Brainbees Solutions Ltd,*The pros and cons are machine generated.Pros / cons are based on a checklist to highlight important points. Please exercise caution and do your own analysis.,8988.0,172.0,391.0,162.0,,92.5,0.0,0.57,-2.37,2.0,1.86,,3.61,22.71,,66.7,40.0,15.0,12.0,,21.0,25.0,,,3.3,1.0,,,,
FIVESTAR,,Five-Star Business Finance Ltd,*The pros and cons are machine generated.Pros / cons are based on a checklist to highlight important points. Please exercise caution and do your own analysis.,15895.0,538.0,666.0,338.0,101.0,,0.37,17.0,16.0,1.0,,18.61,43.97,22.35,,15.07,,105.0,104.0,,125.0,193.0,,-8.0,,,,16.0,,
FLUOROCHEM,,Gujarat Fluorochemicals Ltd,*The pros and cons are machine generated.Pros / cons are based on a checklist to highlight important points. Please exercise caution and do your own analysis.,50385.0,4587.0,4959.0,2917.0,81.6,716.0,0.07,9.64,7.82,1.0,6.41,61.39,4.41,13.33,,20.86,14.0,-4.0,10.0,36.0,-24.0,0.0,22.0,15.0,26.0,10.0,,,,
FORCEMOT,,Force Motors Ltd,*The pros and cons are machine generated.Pros / cons are based on a checklist to highlight important points. Please exercise caution and do your own analysis.,23043.0,17488.0,26486.0,14911.0,20.9,3183.0,0.29,36.0,26.1,10.0,5.49,61.63,9.51,1.46,,27.39,35.0,22.0,8.0,62.0,209.0,82.0,64.0,68.0,16.0,36.0,19.0,,12.0,18.0
FORTIS,,Fortis Healthcare Ltd,*The pros and cons are machine generated.Pros / cons are based on a checklist to highlight important points. Please exercise caution and do your own analysis.,66889.0,886.0,1105.0,767.0,62.7,131.0,0.11,13.4,11.2,10.0,6.76,31.17,25.2,32.23,,11.4,18.0,13.0,18.0,64.0,27.0,16.0,28.0,38.0,22.0,13.0,18.0,,8.0,60.0
FSL,,Firstsource Solutions Ltd,*The pros and cons are machine generated.Pros / cons are based on a checklist to highlight important points. Please exercise caution and do your own analysis.,19334.0,273.0,374.0,201.0,24.2,62.0,2.01,16.8,17.6,10.0,4.4,53.66,8.38,25.41,,11.71,13.0,17.0,20.0,10.0,14.0,28.0,6.0,19.0,16.0,17.0,21.0,,12.0,11.0
GABRIEL,,Gabriel India Ltd,*The pros and cons are machine generated.Pros / cons are based on a checklist to highlight important points. Please exercise caution and do your own analysis.,23426.0,1322.0,1600.0,796.0,65.0,95.3,0.38,25.6,20.2,1.0,13.87,66.29,6.0,11.91,,15.8,,,19.0,,,23.0,56.0,61.0,9.0,26.0,27.0,,,
GALLANTT,,Gallantt Ispat Ltd.,*The pros and cons are machine generated.Pros / cons are based on a checklist to highlight important points. Please exercise caution and do your own analysis.,13202.0,547.0,948.0,471.0,30.3,137.0,0.37,18.2,15.6,10.0,3.99,70.03,0.02,0.08,,29.85,34.0,3.0,4.0,43.0,51.0,-4.0,52.0,79.0,15.0,18.0,28.0,,21.0,27.0
GESHIP,,Great Eastern Shipping Company Ltd,*The pros and cons are machine generated.Pros / cons are based on a checklist to highlight important points. Please exercise caution and do your own analysis.,20446.0,1432.0,1798.0,971.0,5.46,1188.0,2.45,15.8,15.9,10.0,1.21,30.08,31.03,12.81,0.0,26.08,10.0,-2.0,24.0,24.0,0.0,126.0,32.0,21.0,62.0,16.0,14.0,,4.0,10.0
GICRE,,General Insurance Corporation of India,*The pros and cons are machine generated.Pros / cons are based on a checklist to highlight important points. Please exercise caution and do your own analysis.,61579.0,351.0,418.0,334.0,6.94,422.0,3.77,17.4,14.6,5.0,0.83,77.4,2.43,17.73,,2.45,2.0,4.0,3.0,37.0,12.0,4.0,19.0,15.0,18.0,17.0,,,13.0,20.0
GILLETTE,no core fields extracted (page structure may have changed),Gillette India Ltd,*The pros and cons are machine generated.Pros / cons are based on a checklist to highlight important points. Please exercise caution and do your own analysis.,,,,,,,,,,,,75.0,4.33,8.76,0.01,11.91,,,,,,,,,,,,,,
GLAND,,Gland Pharma Ltd,*The pros and cons are machine generated.Pros / cons are based on a checklist to highlight important points. Please exercise caution and do your own analysis.,48875.0,2962.0,3042.0,1574.0,42.7,629.0,0.68,15.1,10.7,1.0,4.71,51.77,8.74,30.44,,9.06,13.0,21.0,18.0,1.0,8.0,49.0,-5.0,21.0,26.0,15.0,,,,
GLAXO,,Glaxosmithkline Pharmaceuticals Ltd,*The pros and cons are machine generated.Pros / cons are based on a checklist to highlight important points. Please exercise caution and do your own analysis.,48091.0,2839.0,3121.0,2088.0,45.7,134.0,2.01,61.4,45.6,10.0,21.19,75.0,4.79,7.81,0.0,12.42,5.0,6.0,6.0,15.0,18.0,11.0,13.0,22.0,34.0,61.0,7.0,,3.0,10.0
GLENMARK,,Glenmark Pharmaceuticals Ltd,*The pros and cons are machine generated.Pros / cons are based on a checklist to highlight important points. Please exercise caution and do your own analysis.,69072.0,2447.0,2538.0,1793.0,22.1,372.0,0.2,39.8,23.6,1.0,6.58,46.65,20.89,18.6,0.04,13.81,9.0,14.0,33.0,19.0,61.0,134.0,38.0,42.0,27.0,40.0,11.0,,8.0,12.0
GMDCLTD,,Gujarat Mineral Development Corporation Ltd,*The pros and cons are machine generated.Pros / cons are based on a checklist to highlight important points. Please exercise caution and do your own analysis.,17695.0,556.0,772.0,464.0,31.0,222.0,1.71,10.8,4.22,2.0,2.5,74.0,3.66,0.81,0.0,21.53,14.0,-10.0,2.0,-6.0,-38.0,-14.0,53.0,25.0,16.0,11.0,20.0,,8.0,3.0
GMRAIRPORT,,GMR Airports Ltd,*The pros and cons are machine generated.Pros / cons are based on a checklist to highlight important points. Please exercise caution and do your own analysis.,104851.0,99.3,116.0,84.0,187.0,-2.6,0.0,11.6,,1.0,,67.16,21.74,5.14,,5.95,33.0,30.0,39.0,16.0,42.0,159.0,26.0,18.0,39.0,12.0,23.0,,6.0,8.0
GODFRYPHLP,,Godfrey Phillips India Ltd,*The pros and cons are machine generated.Pros / cons are based on a checklist to highlight important points. Please exercise caution and do your own analysis.,31477.0,2018.0,3544.0,1832.0,23.0,398.0,2.48,30.2,23.4,2.0,5.07,72.58,7.8,3.66,0.02,15.93,20.0,22.0,2.0,34.0,32.0,12.0,42.0,44.0,23.0,30.0,16.0,,11.0,24.0
GODIGIT,no core fields extracted (page structure may have changed),Go Digit General Insurance Ltd,*The pros and cons are machine generated.Pros / cons are based on a checklist to highlight important points. Please exercise caution and do your own analysis.,,,,,,,,,,,,73.0,8.23,15.01,,3.77,,,,,,,,,,,,,,
GODREJIND,,Godrej Industries Ltd,*The pros and cons are machine generated.Pros / cons are based on a checklist to highlight important points. Please exercise caution and do your own analysis.,37303.0,1107.0,1444.0,744.0,31.0,332.0,0.0,8.17,9.26,1.0,3.33,74.64,4.56,3.47,,17.32,19.0,10.0,17.0,26.0,5.0,19.0,15.0,26.0,10.0,8.0,10.0,,12.0,21.0
GODREJPROP,,Godrej Properties Ltd,*The pros and cons are machine generated.Pros / cons are based on a checklist to highlight important points. Please exercise caution and do your own analysis.,50940.0,1691.0,2352.0,1434.0,31.5,636.0,0.59,7.63,8.82,5.0,2.66,51.66,25.32,9.03,,14.02,46.0,32.0,13.0,56.0,49.0,9.0,1.0,2.0,-11.0,8.0,18.0,,9.0,26.0
GPIL,,Godawari Power & Ispat Ltd,*The pros and cons are machine generated.Pros / cons are based on a checklist to highlight important points. Please exercise caution and do your own analysis.,15718.0,233.0,320.0,221.0,19.2,86.5,0.43,20.5,15.3,1.0,2.69,63.18,6.0,3.1,0.0,27.72,6.0,-2.0,8.0,5.0,1.0,11.0,31.0,24.0,22.0,21.0,57.0,,11.0,27.0
GRANULES,,Granules India Ltd,*The pros and cons are machine generated.Pros / cons are based on a checklist to highlight important points. Please exercise caution and do your own analysis.,23882.0,876.0,924.0,511.0,36.7,205.0,0.2,15.5,13.8,1.0,4.27,38.01,17.5,16.11,,28.36,11.0,6.0,25.0,2.0,5.0,36.0,22.0,38.0,23.0,16.0,22.0,,15.0,17.0
GRAPHITE,,Graphite India Ltd,*The pros and cons are machine generated.Pros / cons are based on a checklist to highlight important points. Please exercise caution and do your own analysis.,16233.0,831.0,874.0,516.0,74.1,300.0,0.84,4.58,3.11,2.0,2.77,65.34,6.04,10.23,0.01,18.37,8.0,-4.0,21.0,51.0,-8.0,-39.0,6.0,18.0,3.0,5.0,27.0,,6.0,8.0
GRAVITA,,Gravita India Ltd,*The pros and cons are machine generated.Pros / cons are based on a checklist to highlight important points. Please exercise caution and do your own analysis.,11798.0,1598.0,1914.0,1267.0,30.1,332.0,0.4,16.2,15.5,2.0,4.81,55.88,12.86,5.52,,24.44,25.0,15.0,17.0,44.0,19.0,16.0,53.0,25.0,9.0,16.0,48.0,,26.0,52.0
GROWW,,Billionbrains Garage Ventures Ltd,*The pros and cons are machine generated.Pros / cons are based on a checklist to highlight important points. Please exercise caution and do your own analysis.,120302.0,192.0,227.0,112.0,49.3,15.4,0.0,37.3,28.8,2.0,12.47,27.14,6.89,10.08,,54.78,,60.0,38.0,,66.0,31.0,,,62.0,37.0,,,,
GRSE,no core fields extracted (page structure may have changed),Garden Reach Shipbuilders & Engineers Ltd,*The pros and cons are machine generated.Pros / cons are based on a checklist to highlight important points. Please exercise caution and do your own analysis.,,,,,,,,,,,,74.5,3.21,1.93,,20.36,,,,,,,,,,,,,,
GVT&D,,GE Vernova T&D India Ltd,*The pros and cons are machine generated.Pros / cons are based on a checklist to highlight important points. Please exercise caution and do your own analysis.,112278.0,4385.0,5650.0,2523.0,601.0,41.9,0.23,,18.6,2.0,104.65,51.0,22.89,18.46,0.0,7.65,,,,,,,102.0,120.0,12.0,,29.0,,,
HAVELLS,,Havells India Ltd,*The pros and cons are machine generated.Pros / cons are based on a checklist to highlight important points. Please exercise caution and do your own analysis.,71065.0,1132.0,1600.0,1081.0,42.6,151.0,0.88,24.9,19.0,1.0,7.5,59.35,15.91,18.04,0.23,6.47,17.0,10.0,10.0,11.0,16.0,18.0,-4.0,-7.0,9.0,25.0,11.0,,11.0,12.0
HBLENGINE,,HBL Engineering Ltd,*The pros and cons are machine generated.Pros / cons are based on a checklist to highlight important points. Please exercise caution and do your own analysis.,21067.0,760.0,1122.0,603.0,26.3,79.9,0.39,59.3,45.3,1.0,9.51,59.11,5.62,0.97,,34.28,29.0,34.0,63.0,118.0,105.0,134.0,74.0,44.0,32.0,59.0,37.0,,10.0,49.0
HDBFS,,HDB Financial Services Ltd,*The pros and cons are machine generated.Pros / cons are based on a checklist to highlight important points. Please exercise caution and do your own analysis.,58021.0,698.0,797.0,555.0,26.7,,0.57,9.79,14.7,10.0,,74.12,3.55,12.1,,10.0,,,15.0,,,-12.0,,,,,,15.0,,
HEG,,HEG Ltd,*The pros and cons are machine generated.Pros / cons are based on a checklist to highlight important points. Please exercise caution and do your own analysis.,4575.0,237.0,278.0,172.0,12.9,247.0,1.43,8.35,7.42,2.0,0.96,60.72,5.29,12.77,,21.21,15.0,1.0,20.0,46.0,-14.0,80.0,8.0,23.0,10.0,8.0,33.0,,11.0,63.0
HEROMOTOCO,,Hero MotoCorp Ltd,*The pros and cons are machine generated.Pros / cons are based on a checklist to highlight important points. Please exercise caution and do your own analysis.,105785.0,5286.0,6390.0,4672.0,19.1,1080.0,3.5,35.2,28.1,2.0,4.89,34.73,31.09,24.26,0.09,9.82,9.0,12.0,26.0,16.0,28.0,10.0,13.0,20.0,14.0,35.0,4.0,,5.0,7.0
HEXT,,Hexaware Technologies Ltd,*The pros and cons are machine generated.Pros / cons are based on a checklist to highlight important points. Please exercise caution and do your own analysis.,32051.0,525.0,808.0,400.0,22.6,110.0,2.19,30.1,24.9,1.0,4.77,74.3,3.19,16.06,,6.23,16.0,13.0,13.0,18.0,18.0,7.0,,,15.0,30.0,10.0,,16.0,14.0
HFCL,,HFCL Ltd,*The pros and cons are machine generated.Pros / cons are based on a checklist to highlight important points. Please exercise caution and do your own analysis.,33017.0,216.0,257.0,59.8,57.7,32.0,0.09,10.8,6.98,1.0,6.75,28.29,15.74,10.92,,45.02,2.0,1.0,59.0,5.0,1.0,1591.0,25.0,43.0,19.0,11.0,29.0,,6.0,3.0
HINDCOPPER,,Hindustan Copper Ltd,*The pros and cons are machine generated.Pros / cons are based on a checklist to highlight important points. Please exercise caution and do your own analysis.,48100.0,497.0,760.0,282.0,39.8,34.6,0.57,42.4,32.9,5.0,14.36,66.14,5.96,4.84,,23.05,11.0,22.0,67.0,55.0,50.0,148.0,35.0,46.0,50.0,42.0,23.0,,,
HINDPETRO,,Hindustan Petroleum Corporation Ltd,*The pros and cons are machine generated.Pros / cons are based on a checklist to highlight important points. Please exercise caution and do your own analysis.,76389.0,359.0,508.0,316.0,45.7,308.0,6.75,22.2,30.9,10.0,1.17,54.9,13.58,22.85,0.0,8.65,14.0,0.0,9.0,11.0,66.0,-84.0,15.0,28.0,1.5,22.0,7.0,,10.0,14.0
HOMEFIRST,no core fields extracted (page structure may have changed),Home First Finance Company India Ltd,*The pros and cons are machine generated.Pros / cons are based on a checklist to highlight important points. Please exercise caution and do your own analysis.,,,,,,,,,,,,6.98,43.9,29.83,,19.29,,,,,,,,,,,,,,
HONASA,,Honasa Consumer Ltd,*The pros and cons are machine generated.Pros / cons are based on a checklist to highlight important points. Please exercise caution and do your own analysis.,15634.0,480.0,510.0,248.0,61.9,43.4,0.63,19.2,15.7,10.0,11.06,35.47,13.64,21.58,,29.3,39.0,17.0,21.0,17.0,118.0,242.0,,,12.0,19.0,,,,
HONAUT,no core fields extracted (page structure may have changed),Honeywell Automation India Ltd,*The pros and cons are machine generated.Pros / cons are based on a checklist to highlight important points. Please exercise caution and do your own analysis.,,,,,,,,,,,,75.0,3.94,11.31,,9.74,,,,,,,,,,,,,,
HSCL,,Himadri Speciality Chemical Ltd,*The pros and cons are machine generated.Pros / cons are based on a checklist to highlight important points. Please exercise caution and do your own analysis.,34076.0,675.0,820.0,418.0,42.6,93.3,0.12,22.1,17.8,1.0,7.23,52.49,6.8,3.33,,37.38,23.0,4.0,10.0,74.0,47.0,30.0,69.0,42.0,20.0,22.0,34.0,,15.0,44.0
HUDCO,,Housing & Urban Development Corporation Ltd,*The pros and cons are machine generated.Pros / cons are based on a checklist to highlight important points. Please exercise caution and do your own analysis.,35017.0,175.0,247.0,159.0,8.23,110.0,3.46,8.41,20.0,10.0,1.59,75.0,2.4,10.09,,12.49,13.0,23.0,26.0,20.0,33.0,53.0,32.0,33.0,,,,20.0,15.0,18.0
ICICIAMC,,ICICI Prudential Asset Management Co Ltd,*The pros and cons are machine generated.Pros / cons are based on a checklist to highlight important points. Please exercise caution and do your own analysis.,158494.0,3207.0,3611.0,2529.0,53.9,,0.85,,,1.0,,87.59,2.96,6.8,,2.65,,,32.0,,,29.0,,,73.0,,,,,
ICICIGI,no core fields extracted (page structure may have changed),ICICI Lombard General Insurance Company Ltd,*The pros and cons are machine generated.Pros / cons are based on a checklist to highlight important points. Please exercise caution and do your own analysis.,,,,,,,,,,,,51.22,21.45,20.64,0.1,6.57,,,,,,,,,,,,,,
ICICIPRULI,,ICICI Prudential Life Insurance Company Ltd,*The pros and cons are machine generated.Pros / cons are based on a checklist to highlight important points. Please exercise caution and do your own analysis.,71400.0,492.0,707.0,455.0,44.4,94.0,0.34,10.1,12.6,10.0,5.23,72.73,10.22,11.81,,5.22,-5.0,8.0,-10.0,11.0,26.0,36.0,-6.0,-6.0,2.1,10.0,,,12.0,0.0
IDBI,,IDBI Bank Ltd,*The pros and cons are machine generated.Pros / cons are based on a checklist to highlight important points. Please exercise caution and do your own analysis.,89309.0,83.1,118.0,61.0,9.58,63.8,2.53,5.92,14.1,10.0,1.3,94.72,0.45,0.1,0.01,4.71,8.0,12.0,1.0,43.0,35.0,18.0,18.0,6.0,,,1.0,14.0,0.0,16.0
IDEA,,Vodafone Idea Ltd,*The pros and cons are machine generated.Pros / cons are based on a checklist to highlight important points. Please exercise caution and do your own analysis.,150814.0,13.9,15.8,7.9,,-3.3,0.0,-1.72,,10.0,,25.64,6.17,6.05,49.02,13.11,1.0,2.0,3.0,0.0,6.0,17.0,5.0,8.0,43.0,-2.0,-12.0,,2.0,
IDFCFIRSTB,,IDFC First Bank Ltd,*The pros and cons are machine generated.Pros / cons are based on a checklist to highlight important points. Please exercise caution and do your own analysis.,74082.0,85.9,88.8,58.1,32.1,56.2,0.29,5.98,3.76,10.0,1.53,0.0,36.1,24.35,7.79,31.73,20.0,21.0,12.0,28.0,-13.0,77.0,12.0,-3.0,,,2.0,4.0,,
IEX,,Indian Energy Exchange Ltd,*The pros and cons are machine generated.Pros / cons are based on a checklist to highlight important points. Please exercise caution and do your own analysis.,10295.0,115.0,160.0,110.0,20.3,15.3,3.03,51.4,39.4,1.0,7.52,,12.63,31.47,,55.63,14.0,15.0,14.0,20.0,19.0,12.0,-10.0,-5.0,85.0,51.0,,,,
IFCI,,IFCI Ltd,*The pros and cons are machine generated.Pros / cons are based on a checklist to highlight important points. Please exercise caution and do your own analysis.,20614.0,76.5,108.0,46.2,115.0,33.2,0.0,4.9,1.97,10.0,2.3,72.57,3.5,1.66,2.12,20.14,0.0,7.0,5.0,16.0,41.0,-44.0,44.0,54.0,,,10.0,2.0,-7.0,-6.0
IGIL,,International Gemological Institute Limited,*The pros and cons are machine generated.Pros / cons are based on a checklist to highlight important points. Please exercise caution and do your own analysis.,14302.0,331.0,388.0,287.0,23.5,34.4,0.77,69.2,55.8,2.0,9.62,76.55,9.49,5.51,,8.44,,48.0,22.0,,43.0,24.0,,,61.0,69.0,,,,
IGL,,Indraprastha Gas Ltd,*The pros and cons are machine generated.Pros / cons are based on a checklist to highlight important points. Please exercise caution and do your own analysis.,20798.0,149.0,224.0,142.0,15.3,82.2,2.19,17.5,13.3,2.0,1.81,45.0,10.16,30.02,5.0,9.81,27.0,5.0,10.0,5.0,-3.0,-18.0,-11.0,-14.0,10.0,18.0,7.0,,16.0,12.0
IIFL,,IIFL Finance Ltd,*The pros and cons are machine generated.Pros / cons are based on a checklist to highlight important points. Please exercise caution and do your own analysis.,25617.0,600.0,705.0,409.0,12.2,327.0,0.67,10.9,12.6,2.0,1.83,24.84,23.86,7.5,,43.8,18.0,17.0,36.0,17.0,3.0,169.0,18.0,2.0,,,17.0,13.0,13.0,12.0
IKS,,Inventurus Knowledge Solutions Ltd,*The pros and cons are machine generated.Pros / cons are based on a checklist to highlight important points. Please exercise caution and do your own analysis.,30554.0,1780.0,1934.0,1262.0,40.0,163.0,0.0,31.5,31.4,1.0,10.92,63.72,8.01,7.5,,18.55,42.0,46.0,21.0,34.0,30.0,41.0,,,34.0,32.0,,,,
INDGN,,Indegene Ltd,*The pros and cons are machine generated.Pros / cons are based on a checklist to highlight important points. Please exercise caution and do your own analysis.,14458.0,600.0,616.0,414.0,34.7,130.0,0.37,18.8,14.4,2.0,4.62,,9.92,8.74,,81.34,29.0,15.0,30.0,23.0,16.0,-4.0,,,17.0,19.0,,,,
INDIACEM,,India Cements Ltd,*The pros and cons are machine generated.Pros / cons are based on a checklist to highlight important points. Please exercise caution and do your own analysis.,10685.0,345.0,490.0,332.0,79.2,327.0,0.0,1.24,0.37,10.0,1.06,75.0,3.4,12.6,,9.0,0.0,-7.0,7.0,-29.0,28.0,133.0,14.0,13.0,10.0,1.0,9.0,,-1.0,-11.0
INDIAMART,,Indiamart Intermesh Ltd,*The pros and cons are machine generated.Pros / cons are based on a checklist to highlight important points. Please exercise caution and do your own analysis.,9901.0,1646.0,2526.0,1622.0,20.1,399.0,1.82,28.0,20.7,10.0,4.13,49.07,19.92,12.11,,18.88,19.0,17.0,13.0,11.0,19.0,-16.0,-16.0,-18.0,30.0,28.0,,,20.0,20.0
INDIANB,,Indian Bank,*The pros and cons are machine generated.Pros / cons are based on a checklist to highlight important points. Please exercise caution and do your own analysis.,113118.0,840.0,1001.0,694.0,8.85,623.0,2.17,6.32,15.4,10.0,1.35,73.84,6.16,17.03,,2.98,12.0,14.0,10.0,30.0,28.0,11.0,45.0,26.0,,,15.0,15.0,15.0,32.0
INDUSINDBK,,IndusInd Bank Ltd,*The pros and cons are machine generated.Pros / cons are based on a checklist to highlight important points. Please exercise caution and do your own analysis.,75289.0,966.0,1078.0,711.0,56.9,844.0,0.16,5.68,1.36,10.0,1.14,15.82,29.17,41.86,0.38,12.76,10.0,8.0,-6.0,-21.0,-51.0,31.0,-2.0,-12.0,,,-2.0,1.0,15.0,-9.0
INDUSTOWER,,Indus Towers Ltd,*The pros and cons are machine generated.Pros / cons are based on a checklist to highlight important points. Please exercise caution and do your own analysis.,99169.0,376.0,482.0,338.0,13.9,150.0,3.72,19.5,18.6,10.0,2.51,51.26,23.2,21.42,0.04,4.05,18.0,5.0,7.0,13.0,47.0,-27.0,7.0,27.0,55.0,19.0,0.0,,19.0,13.0
INOXWIND,,Inox Wind Ltd,*The pros and cons are machine generated.Pros / cons are based on a checklist to highlight important points. Please exercise caution and do your own analysis.,13273.0,76.8,159.0,68.0,38.5,36.9,0.0,10.6,7.5,10.0,2.08,44.18,14.53,10.02,,31.28,44.0,81.0,17.0,27.0,38.0,-22.0,25.0,16.0,20.0,11.0,4.0,,0.0,-1.0
INTELLECT,,Intellect Design Arena Ltd,*The pros and cons are machine generated.Pros / cons are based on a checklist to highlight important points. Please exercise caution and do your own analysis.,9094.0,647.0,1245.0,595.0,24.6,227.0,0.62,16.0,12.4,5.0,2.85,29.63,23.51,7.34,,39.53,15.0,11.0,23.0,7.0,11.0,5.0,0.0,-4.0,19.0,16.0,14.0,,14.0,31.0
IOB,,Indian Overseas Bank,*The pros and cons are machine generated.Pros / cons are based on a checklist to highlight important points. Please exercise caution and do your own analysis.,61948.0,32.2,41.8,31.2,10.4,20.2,0.0,6.12,15.6,10.0,1.59,92.44,0.47,4.29,,2.8,13.0,18.0,15.0,48.0,37.0,52.0,9.0,-10.0,,,2.0,16.0,,
IPCALAB,,Ipca Laboratories Ltd,*The pros and cons are machine generated.Pros / cons are based on a checklist to highlight important points. Please exercise caution and do your own analysis.,50984.0,2010.0,2039.0,1252.0,37.1,318.0,0.3,17.0,15.7,1.0,6.32,44.72,10.72,37.04,0.32,7.19,12.0,16.0,11.0,1.0,37.0,54.0,11.0,30.0,22.0,17.0,21.0,,13.0,30.0
IRB,,IRB Infrastructure Developers Ltd,*The pros and cons are machine generated.Pros / cons are based on a checklist to highlight important points. Please exercise caution and do your own analysis.,22320.0,18.5,24.0,18.4,22.7,17.3,0.84,7.47,4.29,1.0,1.07,30.81,43.87,10.14,0.01,15.17,8.0,6.0,-2.0,50.0,8.0,18.0,16.0,7.0,54.0,7.0,4.0,,4.0,3.0
IRCON,,Ircon International Ltd,*The pros and cons are machine generated.Pros / cons are based on a checklist to highlight important points. Please exercise caution and do your own analysis.,10332.0,110.0,186.0,107.0,19.7,70.6,1.73,9.27,8.19,2.0,1.56,65.17,4.61,1.79,0.28,28.16,11.0,-4.0,-10.0,6.0,-12.0,-22.0,20.0,-8.0,8.0,9.0,,,14.0,3.0
IRCTC,,Indian Railway Catering & Tourism Corporation Ltd,*The pros and cons are machine generated.Pros / cons are based on a checklist to highlight important points. Please exercise caution and do your own analysis.,38140.0,477.0,737.0,446.0,27.6,53.9,1.89,46.1,34.4,2.0,8.85,62.4,3.91,14.86,,18.85,,14.0,15.0,,12.0,6.0,-8.0,-11.0,31.0,46.0,,,,
IREDA,,Indian Renewable Energy Development Agency Ltd,*The pros and cons are machine generated.Pros / cons are based on a checklist to highlight important points. Please exercise caution and do your own analysis.,32115.0,114.0,163.0,107.0,16.3,49.1,1.18,8.69,15.6,10.0,2.32,71.76,2.48,2.39,,23.35,26.0,,20.0,40.0,,26.0,,,,,,16.0,,
ITCHOTELS,,ITC Hotels Ltd,*The pros and cons are machine generated.Pros / cons are based on a checklist to highlight important points. Please exercise caution and do your own analysis.,33078.0,159.0,240.0,137.0,35.9,56.0,0.63,11.2,7.89,1.0,2.84,39.85,11.61,23.98,0.02,24.53,,,16.0,,,35.0,,,35.0,11.0,,,,
ITI,,ITI Ltd,*The pros and cons are machine generated.Pros / cons are based on a checklist to highlight important points. Please exercise caution and do your own analysis.,24686.0,256.0,373.0,233.0,,19.8,0.0,1.41,-8.86,10.0,12.93,90.02,0.08,0.06,7.88,1.94,-2.0,16.0,-41.0,,16.0,48.0,17.0,12.0,2.5,1.0,25.0,,,
J&KBANK,,Jammu and Kashmir Bank Ltd,*The pros and cons are machine generated.Pros / cons are based on a checklist to highlight important points. Please exercise caution and do your own analysis.,16141.0,147.0,202.0,97.4,7.01,154.0,1.47,5.84,15.4,1.0,0.95,59.4,9.38,7.85,,23.37,10.0,12.0,5.0,41.0,26.0,7.0,32.0,11.0,,,6.0,15.0,7.0,19.0
JAINREC,,Jain Resource Recycling Ltd,*The pros and cons are machine generated.Pros / cons are based on a checklist to highlight important points. Please exercise caution and do your own analysis.,9533.0,276.0,594.0,248.0,26.2,45.2,0.0,25.7,30.4,2.0,6.11,73.59,1.23,9.68,0.06,15.45,,46.0,65.0,,56.0,66.0,,,5.0,26.0,,,,
JBMA,,JBM Auto Ltd,*The pros and cons are machine generated.Pros / cons are based on a checklist to highlight important points. Please exercise caution and do your own analysis.,14168.0,599.0,790.0,477.0,61.6,65.0,0.14,15.1,15.7,1.0,9.22,67.53,2.03,0.16,,30.27,25.0,16.0,12.0,36.0,22.0,12.0,46.0,-7.0,11.0,15.0,29.0,,15.0,16.0
JINDALSAW,,Jindal Saw Ltd,*The pros and cons are machine generated.Pros / cons are based on a checklist to highlight important points. Please exercise caution and do your own analysis.,18514.0,290.0,320.0,153.0,28.3,197.0,0.69,10.4,8.2,1.0,1.47,63.25,13.08,8.36,,15.03,11.0,0.0,-9.0,25.0,14.0,-62.0,38.0,18.0,11.0,10.0,27.0,,9.0,42.0
JKCEMENT,,J K Cements Ltd,*The pros and cons are machine generated.Pros / cons are based on a checklist to highlight important points. Please exercise caution and do your own analysis.,39133.0,5064.0,6925.0,4670.0,40.1,911.0,0.39,15.1,15.6,10.0,5.56,45.66,16.85,23.72,,13.76,16.0,12.0,16.0,7.0,33.0,6.0,9.0,16.0,16.0,15.0,20.0,,12.0,33.0
JKTYRE,,JK Tyre & Industries Ltd,*The pros and cons are machine generated.Pros / cons are based on a checklist to highlight important points. Please exercise caution and do your own analysis.,10071.0,349.0,612.0,339.0,14.0,210.0,1.14,15.5,16.0,2.0,1.66,51.72,15.75,7.26,0.0,25.27,12.0,4.0,10.0,24.0,44.0,56.0,18.0,9.0,12.0,16.0,9.0,,9.0,6.0
JMFINANCIL,,JM Financial Ltd,*The pros and cons are machine generated.Pros / cons are based on a checklist to highlight important points. Please exercise caution and do your own analysis.,12086.0,126.0,183.0,112.0,11.4,111.0,2.57,11.6,11.9,1.0,1.14,57.03,16.95,5.5,,20.54,6.0,9.0,-5.0,16.0,27.0,-4.0,7.0,14.0,56.0,12.0,7.0,,10.0,12.0
JPPOWER,,Jaiprakash Power Ventures Ltd,*The pros and cons are machine generated.Pros / cons are based on a checklist to highlight important points. Please exercise caution and do your own analysis.,10534.0,15.4,24.5,13.1,12.6,18.6,0.0,6.97,3.6,10.0,0.83,24.0,6.75,11.15,0.0,58.08,11.0,-1.0,9.0,24.0,97.0,12.0,29.0,15.0,26.0,7.0,13.0,,3.0,15.0
JSL,,Jindal Stainless Ltd,*The pros and cons are machine generated.Pros / cons are based on a checklist to highlight important points. Please exercise caution and do your own analysis.,61910.0,751.0,884.0,652.0,18.8,240.0,0.53,19.3,17.7,2.0,3.13,62.04,20.45,7.35,,10.12,29.0,6.0,10.0,55.0,15.0,28.0,37.0,17.0,13.0,19.0,42.0,,20.0,23.0
JSWCEMENT,,JSW Cement Ltd,*The pros and cons are machine generated.Pros / cons are based on a checklist to highlight important points. Please exercise caution and do your own analysis.,16011.0,117.0,151.0,107.0,20.3,48.0,0.43,11.1,14.7,10.0,2.44,72.02,3.7,11.49,,11.83,11.0,4.0,16.0,19.0,68.0,1332.0,,,18.0,11.0,,,,
JSWDULUX,,JSW Dulux Ltd,*The pros and cons are machine generated.Pros / cons are based on a checklist to highlight important points. Please exercise caution and do your own analysis.,14522.0,3189.0,3747.0,2649.0,37.8,538.0,1.57,22.7,19.1,10.0,5.93,61.2,8.49,21.96,,8.33,8.0,-2.0,-12.0,12.0,2.0,-5.0,8.0,8.0,14.0,23.0,7.0,,3.0,7.0
JSWENERGY,,JSW Energy Ltd,*The pros and cons are machine generated.Pros / cons are based on a checklist to highlight important points. Please exercise caution and do your own analysis.,96441.0,526.0,617.0,428.0,48.1,175.0,0.38,8.16,7.51,10.0,3.01,66.53,11.41,16.16,0.03,5.82,22.0,22.0,35.0,23.0,19.0,-8.0,10.0,9.0,54.0,8.0,21.0,,7.0,5.0
JSWINFRA,,JSW Infrastructure Ltd,*The pros and cons are machine generated.Pros / cons are based on a checklist to highlight important points. Please exercise caution and do your own analysis.,81142.0,348.0,357.0,233.0,52.3,51.8,0.26,13.6,15.3,2.0,6.72,73.93,11.21,9.19,,5.39,27.0,19.0,19.0,40.0,29.0,-3.0,,,48.0,14.0,,,,
JUBLFOOD,,Jubilant Foodworks Ltd,*The pros and cons are machine generated.Pros / cons are based on a checklist to highlight important points. Please exercise caution and do your own analysis.,32992.0,500.0,635.0,408.0,86.6,34.7,0.24,14.8,21.0,2.0,14.41,40.27,13.32,39.59,0.0,6.49,23.0,23.0,16.0,14.0,8.0,42.0,-9.0,-2.0,20.0,15.0,18.0,,15.0,17.0
JUBLINGREA,,Jubilant Ingrevia Ltd,*The pros and cons are machine generated.Pros / cons are based on a checklist to highlight important points. Please exercise caution and do your own analysis.,9953.0,625.0,795.0,535.0,31.3,196.0,0.8,11.4,9.52,1.0,3.19,45.22,6.49,24.98,0.02,22.3,45.0,-3.0,11.0,35.0,-2.0,15.0,-4.0,10.0,13.0,11.0,,,,
JUBLPHARMA,,Jubilant Pharmova Ltd,*The pros and cons are machine generated.Pros / cons are based on a checklist to highlight important points. Please exercise caution and do your own analysis.,16972.0,1065.0,1185.0,784.0,43.7,445.0,0.47,8.99,6.53,1.0,2.39,47.67,15.87,12.4,0.0,23.5,6.0,10.0,16.0,-13.0,47.0,-20.0,12.0,35.0,14.0,9.0,7.0,,4.0,1.0
JWL,,Jupiter Wagons Ltd,*The pros and cons are machine generated.Pros / cons are based on a checklist to highlight important points. Please exercise caution and do your own analysis.,9835.0,230.0,358.0,226.0,55.3,69.7,0.43,9.14,6.37,10.0,3.3,68.31,3.47,0.79,,27.43,24.0,12.0,-12.0,28.0,15.0,-45.0,47.0,-10.0,11.0,9.0,34.0,,,
JYOTICNC,,Jyoti CNC Automation Ltd,*The pros and cons are machine generated.Pros / cons are based on a checklist to highlight important points. Please exercise caution and do your own analysis.,23873.0,1050.0,1066.0,580.0,74.2,88.0,0.0,21.3,18.2,2.0,11.93,62.55,6.29,12.59,,18.58,32.0,31.0,17.0,45.0,157.0,-4.0,,,24.0,21.0,,,,
KAJARIACER,,Kajaria Ceramics Ltd,*The pros and cons are machine generated.Pros / cons are based on a checklist to highlight important points. Please exercise caution and do your own analysis.,18900.0,1203.0,1294.0,870.0,32.8,192.0,1.16,23.4,17.9,1.0,6.27,47.69,11.58,26.24,0.0,14.48,12.0,3.0,9.0,11.0,14.0,64.0,1.0,-4.0,19.0,23.0,6.0,,7.0,8.0
KALYANKJIL,,Kalyan Jewellers India Ltd,*The pros and cons are machine generated.Pros / cons are based on a checklist to highlight important points. Please exercise caution and do your own analysis.,60091.0,582.0,649.0,327.0,41.1,61.1,0.43,21.2,24.8,10.0,9.53,62.86,10.82,15.83,,10.49,33.0,36.0,46.0,195.0,45.0,83.0,53.0,38.0,7.0,21.0,,,,
KARURVYSYA,no core fields extracted (page structure may have changed),Karur Vysya Bank Ltd,*The pros and cons are machine generated.Pros / cons are based on a checklist to highlight important points. Please exercise caution and do your own analysis.,,,,,,,,,,,,2.07,17.92,41.22,0.01,38.78,,,,,,,,,,,,,,
KAYNES,,Kaynes Technology India Ltd,*The pros and cons are machine generated.Pros / cons are based on a checklist to highlight important points. Please exercise caution and do your own analysis.,23629.0,3515.0,7705.0,2995.0,68.0,708.0,0.0,12.7,8.69,10.0,4.96,53.46,5.82,11.78,,28.93,54.0,48.0,35.0,104.0,51.0,9.0,,20.0,16.0,13.0,,,,
KEC,,KEC International Ltd,*The pros and cons are machine generated.Pros / cons are based on a checklist to highlight important points. Please exercise caution and do your own analysis.,10761.0,404.0,938.0,389.0,17.9,231.0,1.36,16.5,11.4,2.0,1.75,50.1,9.92,23.34,,16.64,12.0,11.0,5.0,4.0,55.0,-1.0,-2.0,-15.0,7.0,17.0,12.0,,11.0,16.0
KEI,,KEI Industries Ltd,*The pros and cons are machine generated.Pros / cons are based on a checklist to highlight important points. Please exercise caution and do your own analysis.,44454.0,4650.0,5931.0,3729.0,44.6,697.0,0.1,20.0,14.7,2.0,6.67,35.0,27.32,25.9,,11.76,23.0,19.0,20.0,27.0,24.0,34.0,40.0,21.0,11.0,20.0,45.0,,17.0,31.0
KFINTECH,,KFin Technologies Ltd,*The pros and cons are machine generated.Pros / cons are based on a checklist to highlight important points. Please exercise caution and do your own analysis.,16077.0,930.0,1217.0,785.0,45.9,97.0,1.29,29.2,21.6,10.0,9.59,22.82,20.73,27.31,,29.14,22.0,22.0,23.0,48.0,19.0,3.0,,27.0,39.0,29.0,,,,
KIMS,,Krishna Institute of Medical Sciences Ltd,*The pros and cons are machine generated.Pros / cons are based on a checklist to highlight important points. Please exercise caution and do your own analysis.,34014.0,810.0,858.0,576.0,163.0,56.2,0.0,9.5,11.3,2.0,14.41,32.49,14.75,34.42,,18.32,24.0,21.0,31.0,4.0,-9.0,-43.0,27.0,27.0,20.0,10.0,,,23.0,25.0
KIRLOSENG,,Kirloskar Oil Engines Ltd,*The pros and cons are machine generated.Pros / cons are based on a checklist to highlight important points. Please exercise caution and do your own analysis.,31434.0,2160.0,2720.0,866.0,55.2,249.0,0.32,14.6,17.5,2.0,8.67,41.06,11.33,26.0,0.0,21.61,19.0,15.0,23.0,25.0,22.0,28.0,59.0,64.0,18.0,15.0,21.0,,12.0,16.0
KPIL,,Kalpataru Projects International Ltd,*The pros and cons are machine generated.Pros / cons are based on a checklist to highlight important points. Please exercise caution and do your own analysis.,24685.0,1446.0,1500.0,1007.0,22.2,455.0,0.76,18.3,13.7,2.0,3.18,33.58,10.77,44.84,0.0,10.81,16.0,18.0,15.0,13.0,36.0,57.0,29.0,31.0,8.0,18.0,19.0,,14.0,24.0
KPITTECH,,KPIT Technologies Ltd,*The pros and cons are machine generated.Pros / cons are based on a checklist to highlight important points. Please exercise caution and do your own analysis.,14584.0,532.0,1285.0,532.0,23.4,129.0,1.41,26.3,20.9,10.0,4.12,38.59,13.22,23.6,,23.95,26.0,24.0,10.0,37.0,21.0,-23.0,11.0,-22.0,18.0,26.0,,,,
KPRMILL,,K P R Mill Ltd,*The pros and cons are machine generated.Pros / cons are based on a checklist to highlight important points. Please exercise caution and do your own analysis.,39015.0,1141.0,1334.0,796.0,42.8,167.0,0.44,19.6,15.7,1.0,6.83,67.52,7.02,19.25,0.01,6.19,14.0,2.0,4.0,10.0,2.0,11.0,21.0,16.0,20.0,20.0,25.0,,10.0,15.0
LALPATHLAB,,Dr Lal Pathlabs Ltd,*The pros and cons are machine generated.Pros / cons are based on a checklist to highlight important points. Please exercise caution and do your own analysis.,31839.0,1897.0,2039.0,1272.0,56.6,150.0,0.74,28.0,22.3,10.0,12.65,53.19,17.35,21.59,0.01,7.48,12.0,11.0,14.0,12.0,30.0,10.0,-1.0,16.0,29.0,28.0,12.0,,13.0,15.0
LATENTVIEW,,Latent View Analytics Ltd,*The pros and cons are machine generated.Pros / cons are based on a checklist to highlight important points. Please exercise caution and do your own analysis.,5284.0,255.0,518.0,248.0,27.0,84.8,0.0,15.8,11.9,1.0,3.01,65.1,2.12,3.6,,29.19,28.0,25.0,23.0,17.0,8.0,5.0,,-15.0,22.0,16.0,,,,
LAURUSLABS,,Laurus Labs Ltd,*The pros and cons are machine generated.Pros / cons are based on a checklist to highlight important points. Please exercise caution and do your own analysis.,105577.0,1954.0,1982.0,823.0,96.6,98.2,0.1,17.8,18.3,2.0,19.9,27.47,28.0,13.73,,30.79,7.0,4.0,23.0,-2.0,4.0,115.0,25.0,70.0,28.0,18.0,,,14.0,21.0
LEMONTREE,,Lemon Tree Hotels Ltd,*The pros and cons are machine generated.Pros / cons are based on a checklist to highlight important points. Please exercise caution and do your own analysis.,8435.0,106.0,174.0,99.6,33.0,17.6,0.0,14.1,19.2,10.0,6.02,22.32,19.44,14.35,,43.83,42.0,18.0,10.0,31.0,29.0,19.0,22.0,-3.0,47.0,14.0,,,15.0,27.0
LENSKART,,Lenskart Solutions Ltd,*The pros and cons are machine generated.Pros / cons are based on a checklist to highlight important points. Please exercise caution and do your own analysis.,123004.0,707.0,725.0,356.0,187.0,50.3,0.0,8.08,6.33,2.0,14.06,17.53,12.76,23.56,,45.73,58.0,33.0,37.0,74.0,110.0,77.0,,,21.0,8.0,,,,
LGEINDIA,no core fields extracted (page structure may have changed),LG Electronics India Ltd,*The pros and cons are machine generated.Pros / cons are based on a checklist to highlight important points. Please exercise caution and do your own analysis.,,,,,,,,,,,,85.0,3.13,7.84,,4.03,,,,,,,,,,,,,,
LICHSGFIN,,LIC Housing Finance Ltd,*The pros and cons are machine generated.Pros / cons are based on a checklist to highlight important points. Please exercise caution and do your own analysis.,30152.0,548.0,598.0,459.0,5.25,753.0,1.82,8.59,14.4,2.0,0.73,45.24,21.47,21.02,,12.27,8.0,8.0,0.0,15.0,25.0,4.0,6.0,6.0,,,0.0,14.0,9.0,13.0
LICI,,Life Insurance Corporation of India,*The pros and cons are machine generated.Pros / cons are based on a checklist to highlight important points. Please exercise caution and do your own analysis.,515740.0,408.0,468.0,361.0,8.58,140.0,2.45,35.1,37.8,10.0,2.91,96.5,0.44,0.99,,2.06,7.0,8.0,10.0,81.0,17.0,23.0,,8.0,4.7,35.0,,,,
LINDEINDIA,,Linde India Ltd,*The pros and cons are machine generated.Pros / cons are based on a checklist to highlight important points. Please exercise caution and do your own analysis.,53228.0,6242.0,8049.0,5653.0,97.4,500.0,0.06,18.2,13.6,10.0,12.48,75.0,2.03,6.79,,16.17,11.0,-7.0,10.0,30.0,1.0,22.0,19.0,2.0,34.0,18.0,33.0,,,
LLOYDSME,,Lloyds Metals & Energy Ltd,*The pros and cons are machine generated.Pros / cons are based on a checklist to highlight important points. Please exercise caution and do your own analysis.,102826.0,1827.0,2127.0,1043.0,21.6,246.0,0.05,27.3,36.6,1.0,7.43,61.63,1.85,2.18,,34.27,133.0,72.0,230.0,679.0,60.0,211.0,91.0,49.0,37.0,27.0,61.0,,,
LTF,,L&T Finance Ltd,*The pros and cons are machine generated.Pros / cons are based on a checklist to highlight important points. Please exercise caution and do your own analysis.,78399.0,313.0,339.0,232.0,24.5,112.0,0.88,8.4,11.2,10.0,2.79,65.96,7.71,14.9,,11.45,6.0,12.0,15.0,32.0,256.0,20.0,30.0,36.0,,,14.0,11.0,9.0,13.0
LTFOODS,,L T Foods Ltd,*The pros and cons are machine generated.Pros / cons are based on a checklist to highlight important points. Please exercise caution and do your own analysis.,14696.0,423.0,491.0,332.0,23.0,130.0,0.71,17.6,14.7,1.0,3.25,51.0,8.21,10.84,0.0,29.95,19.0,16.0,28.0,18.0,16.0,3.0,43.0,37.0,11.0,18.0,31.0,,14.0,20.0
LTTS,,L&T Technology Services Ltd,*The pros and cons are machine generated.Pros / cons are based on a checklist to highlight important points. Please exercise caution and do your own analysis.,35512.0,3348.0,4747.0,3010.0,26.4,611.0,1.73,26.7,21.5,2.0,5.48,73.52,4.13,14.05,,8.29,15.0,11.0,10.0,16.0,6.0,10.0,-6.0,-10.0,18.0,27.0,,,14.0,12.0
LUPIN,,Lupin Ltd,*The pros and cons are machine generated.Pros / cons are based on a checklist to highlight important points. Please exercise caution and do your own analysis.,95248.0,2083.0,2530.0,1900.0,16.0,491.0,0.86,29.9,28.7,2.0,4.24,46.85,22.42,24.65,0.0,6.08,13.0,19.0,28.0,37.0,140.0,61.0,17.0,22.0,32.0,30.0,3.0,,7.0,10.0
M&MFIN,,Mahindra & Mahindra Financial Services Ltd,*The pros and cons are machine generated.Pros / cons are based on a checklist to highlight important points. Please exercise caution and do your own analysis.,49115.0,353.0,415.0,270.0,14.6,192.0,2.12,8.72,12.3,2.0,1.84,52.49,9.53,31.48,,6.46,11.0,18.0,14.0,35.0,12.0,46.0,16.0,5.0,,,6.0,12.0,12.0,14.0
MAHABANK,,Bank of Maharashtra,*The pros and cons are machine generated.Pros / cons are based on a checklist to highlight important points. Please exercise caution and do your own analysis.,64255.0,83.5,94.5,53.8,8.53,46.4,2.63,6.03,22.6,10.0,1.8,73.6,5.82,14.28,,6.32,20.0,23.0,16.0,65.0,39.0,31.0,35.0,22.0,,,10.0,23.0,8.0,50.0
MANAPPURAM,,Manappuram Finance Ltd,*The pros and cons are machine generated.Pros / cons are based on a checklist to highlight important points. Please exercise caution and do your own analysis.,29979.0,319.0,382.0,245.0,20.7,171.0,0.63,8.25,6.97,2.0,1.87,41.66,22.3,14.85,,21.2,8.0,12.0,5.0,-10.0,-13.0,81.0,15.0,32.0,,,13.0,7.0,15.0,11.0
MANKIND,,Mankind Pharma Ltd,*The pros and cons are machine generated.Pros / cons are based on a checklist to highlight important points. Please exercise caution and do your own analysis.,95029.0,2301.0,2674.0,1910.0,44.6,395.0,0.04,13.5,13.1,1.0,5.83,72.63,9.45,15.39,,2.53,18.0,18.0,14.0,11.0,17.0,13.0,,10.0,26.0,14.0,,,,
MAPMYINDIA,,C.E. Info Systems Ltd,*The pros and cons are machine generated.Pros / cons are based on a checklist to highlight important points. Please exercise caution and do your own analysis.,4930.0,899.0,2000.0,795.0,35.8,165.0,0.39,19.1,12.0,2.0,5.45,51.41,1.52,12.74,,34.32,25.0,19.0,2.0,16.0,2.0,-12.0,,-19.0,35.0,19.0,,,,
MARICO,,Marico Ltd,*The pros and cons are machine generated.Pros / cons are based on a checklist to highlight important points. Please exercise caution and do your own analysis.,104522.0,804.0,890.0,690.0,55.4,32.4,0.5,47.0,42.8,1.0,24.81,58.92,23.4,12.87,0.15,4.49,11.0,12.0,25.0,9.0,11.0,13.0,7.0,12.0,17.0,47.0,11.0,,9.0,10.0
MCX,,Multi Commodity Exchange of India Ltd,*The pros and cons are machine generated.Pros / cons are based on a checklist to highlight important points. Please exercise caution and do your own analysis.,83127.0,3260.0,3480.0,1545.0,53.9,112.0,0.25,71.4,56.3,2.0,29.11,,29.85,50.8,0.01,19.15,43.0,65.0,110.0,49.0,108.0,136.0,59.0,112.0,72.0,71.0,32.0,,26.0,31.0
MEDANTA,,Global Health Ltd,*The pros and cons are machine generated.Pros / cons are based on a checklist to highlight important points. Please exercise caution and do your own analysis.,40315.0,1499.0,1544.0,955.0,70.4,147.0,0.03,17.4,15.2,2.0,10.2,33.0,9.46,16.89,,40.55,25.0,18.0,21.0,81.0,19.0,0.0,,30.0,21.0,17.0,,,12.0,13.0
MEESHO,,Meesho Ltd,*The pros and cons are machine generated.Pros / cons are based on a checklist to highlight important points. Please exercise caution and do your own analysis.,99205.0,214.0,255.0,126.0,,9.61,0.0,-40.0,-46.2,1.0,22.27,16.41,5.19,9.14,,69.26,,30.0,34.0,,6.0,49.0,,,-11.0,-40.0,,,,
MFSL,,Max Financial Services Ltd,*The pros and cons are machine generated.Pros / cons are based on a checklist to highlight important points. Please exercise caution and do your own analysis.,53803.0,1559.0,1892.0,1408.0,496.0,153.0,0.0,2.87,1.52,2.0,10.19,1.25,48.06,44.34,,6.35,9.0,15.0,5.0,-28.0,-40.0,-60.0,8.0,19.0,0.5,3.0,11.0,,15.0,-11.0
MGL,,Mahanagar Gas Ltd,*The pros and cons are machine generated.Pros / cons are based on a checklist to highlight important points. Please exercise caution and do your own analysis.,10685.0,1082.0,1350.0,900.0,14.9,651.0,2.77,17.0,12.2,10.0,1.66,32.5,23.21,22.53,10.0,11.75,,9.0,11.0,,-2.0,-33.0,0.0,1.0,15.0,17.0,6.0,,,
MINDACORP,,Minda Corporation Ltd,*The pros and cons are machine generated.Pros / cons are based on a checklist to highlight important points. Please exercise caution and do your own analysis.,16531.0,691.0,769.0,468.0,41.0,110.0,0.2,12.7,14.7,2.0,6.28,64.84,9.3,17.87,,6.43,21.0,13.0,27.0,31.0,8.0,57.0,40.0,27.0,12.0,13.0,20.0,,10.0,14.0
MMTC,,MMTC Ltd,*The pros and cons are machine generated.Pros / cons are based on a checklist to highlight important points. Please exercise caution and do your own analysis.,9040.0,60.3,78.4,50.1,44.9,14.1,0.0,8.67,-14.3,1.0,4.28,89.93,0.16,1.78,,8.15,-85.0,-92.0,-19.0,,,184.0,7.0,1.0,-6547.0,9.0,7.0,,-58.0,-11.0
MOTILALOFS,,Motilal Oswal Financial Services Ltd,*The pros and cons are machine generated.Pros / cons are based on a checklist to highlight important points. Please exercise caution and do your own analysis.,60901.0,1010.0,1097.0,615.0,30.8,214.0,0.59,12.7,15.5,1.0,4.72,67.2,6.86,6.78,,19.15,21.0,31.0,15.0,7.0,26.0,-29.0,38.0,67.0,41.0,13.0,23.0,,24.0,27.0
MPHASIS,,Mphasis Ltd,*The pros and cons are machine generated.Pros / cons are based on a checklist to highlight important points. Please exercise caution and do your own analysis.,43926.0,2300.0,2978.0,2013.0,22.7,563.0,2.7,22.1,18.5,10.0,4.09,30.54,19.5,45.31,,4.65,10.0,5.0,14.0,9.0,5.0,11.0,-6.0,-3.0,19.0,22.0,16.0,,10.0,11.0
MRF,,MRF Ltd,*The pros and cons are machine generated.Pros / cons are based on a checklist to highlight important points. Please exercise caution and do your own analysis.,53298.0,125670.0,163600.0,122000.0,21.6,49455.0,0.19,15.7,12.5,10.0,2.54,27.76,17.43,12.11,,42.71,14.0,11.0,11.0,14.0,52.0,37.0,10.0,5.0,15.0,16.0,11.0,,4.0,0.0
MRPL,,Mangalore Refinery And Petrochemicals Ltd,*The pros and cons are machine generated.Pros / cons are based on a checklist to highlight important points. Please exercise caution and do your own analysis.,28984.0,165.0,215.0,126.0,10.4,81.0,2.42,18.0,14.5,10.0,2.04,88.58,2.17,0.39,0.0,8.86,23.0,-7.0,23.0,36.0,-10.0,1067.0,31.0,20.0,7.0,18.0,6.0,,8.0,9.0
MSUMI,no core fields extracted (page structure may have changed),Motherson Sumi Wiring India Ltd,*The pros and cons are machine generated.Pros / cons are based on a checklist to highlight important points. Please exercise caution and do your own analysis.,,,,,,,,,,,,61.72,8.91,17.85,0.02,11.48,,,,,,,,,,,,,,
NAM-INDIA,,Nippon Life India Asset Management Ltd,*The pros and cons are machine generated.Pros / cons are based on a checklist to highlight important points. Please exercise caution and do your own analysis.,73914.0,1155.0,1270.0,756.0,45.2,73.0,1.86,43.8,34.5,10.0,15.82,71.8,7.04,15.49,,5.67,16.0,25.0,23.0,18.0,28.0,21.0,22.0,52.0,67.0,44.0,,,8.0,14.0
NATCOPHARM,,Natco Pharma Ltd,*The pros and cons are machine generated.Pros / cons are based on a checklist to highlight important points. Please exercise caution and do your own analysis.,14569.0,813.0,1227.0,789.0,12.7,515.0,0.61,17.4,17.1,2.0,1.58,49.41,16.99,5.63,,27.97,15.0,15.0,-21.0,28.0,27.0,-33.0,-3.0,-2.0,30.0,17.0,2.0,,15.0,25.0
NATIONALUM,,National Aluminium Company Ltd,*The pros and cons are machine generated.Pros / cons are based on a checklist to highlight important points. Please exercise caution and do your own analysis.,64374.0,350.0,445.0,199.0,9.54,118.0,3.28,39.6,29.4,5.0,2.97,51.28,21.99,11.22,,15.52,15.0,8.0,9.0,35.0,59.0,18.0,33.0,54.0,47.0,40.0,22.0,,10.0,23.0
NAUKRI,,Info Edge (India) Ltd,*The pros and cons are machine generated.Pros / cons are based on a checklist to highlight important points. Please exercise caution and do your own analysis.,81130.0,1251.0,1440.0,908.0,55.0,585.0,0.67,3.45,1.81,2.0,2.14,37.48,23.72,27.83,0.0,10.9,24.0,12.0,14.0,39.0,62.0,43.0,-1.0,12.0,37.0,3.0,22.0,,16.0,16.0
NAVA,,Nava Ltd,*The pros and cons are machine generated.Pros / cons are based on a checklist to highlight important points. Please exercise caution and do your own analysis.,15931.0,562.0,739.0,502.0,21.0,309.0,1.51,12.8,9.33,1.0,1.82,50.03,10.22,0.56,,39.18,11.0,7.0,9.0,13.0,-14.0,-28.0,58.0,40.0,38.0,13.0,25.0,,10.0,10.0
NAVINFLUOR,,Navin Fluorine International Ltd,*The pros and cons are machine generated.Pros / cons are based on a checklist to highlight important points. Please exercise caution and do your own analysis.,44079.0,8590.0,8950.0,4498.0,55.4,775.0,0.18,21.0,19.6,2.0,11.08,27.08,23.73,28.46,,20.73,23.0,17.0,42.0,21.0,21.0,124.0,18.0,24.0,34.0,21.0,33.0,,17.0,23.0
NBCC,,NBCC (India) Ltd,*The pros and cons are machine generated.Pros / cons are based on a checklist to highlight important points. Please exercise caution and do your own analysis.,22248.0,82.4,126.0,77.2,32.5,11.2,1.21,29.3,20.4,1.0,7.36,61.75,4.77,11.28,,22.2,13.0,13.0,4.0,20.0,13.0,8.0,23.0,28.0,5.0,29.0,4.0,,8.0,7.0
NCC,,NCC Ltd,*The pros and cons are machine generated.Pros / cons are based on a checklist to highlight important points. Please exercise caution and do your own analysis.,8610.0,137.0,217.0,130.0,11.9,125.0,1.6,16.8,9.19,2.0,1.1,23.09,11.29,17.88,,47.75,21.0,10.0,-2.0,22.0,6.0,-10.0,12.0,-4.0,9.0,17.0,5.0,,8.0,18.0
NETWEB,no core fields extracted (page structure may have changed),Netweb Technologies India Ltd,*The pros and cons are machine generated.Pros / cons are based on a checklist to highlight important points. Please exercise caution and do your own analysis.,,,,,,,,,,,,66.98,9.27,5.91,,17.84,,,,,,,,,,,,,,
NEULANDLAB,,Neuland Laboratories Ltd,*The pros and cons are machine generated.Pros / cons are based on a checklist to highlight important points. Please exercise caution and do your own analysis.,29303.0,22840.0,24235.0,11500.0,58.9,1461.0,0.15,26.5,21.2,10.0,15.63,32.62,21.08,16.52,0.0,29.79,17.0,19.0,78.0,39.0,30.0,278.0,71.0,84.0,32.0,26.0,37.0,,15.0,29.0
NEWGEN,,Newgen Software Technologies Ltd,*The pros and cons are machine generated.Pros / cons are based on a checklist to highlight important points. Please exercise caution and do your own analysis.,7087.0,497.0,1042.0,401.0,20.7,125.0,1.21,25.0,19.6,10.0,3.98,53.45,13.78,8.15,,23.88,19.0,17.0,8.0,21.0,22.0,8.0,11.0,5.0,26.0,25.0,,,16.0,28.0
NH,,Narayana Hrudayalaya Ltd,*The pros and cons are machine generated.Pros / cons are based on a checklist to highlight important points. Please exercise caution and do your own analysis.,39411.0,1928.0,2094.0,1564.0,45.7,222.0,0.23,15.5,20.5,10.0,8.68,63.27,9.4,9.05,0.0,17.65,25.0,20.0,60.0,155.0,12.0,9.0,30.0,22.0,19.0,16.0,20.0,,17.0,42.0
NHPC,,NHPC Ltd,*The pros and cons are machine generated.Pros / cons are based on a checklist to highlight important points. Please exercise caution and do your own analysis.,77297.0,77.0,88.6,68.7,20.4,41.2,2.09,5.75,9.32,10.0,1.87,61.39,12.29,14.54,1.13,10.64,4.0,3.0,12.0,2.0,-1.0,24.0,22.0,12.0,43.0,6.0,11.0,,3.0,6.0
NIACL,,New India Assurance Company Ltd,*The pros and cons are machine generated.Pros / cons are based on a checklist to highlight important points. Please exercise caution and do your own analysis.,30926.0,188.0,243.0,117.0,40.2,173.0,0.8,4.29,4.92,5.0,1.09,85.44,1.02,11.17,,2.36,9.0,7.0,11.0,-3.0,99.0,-36.0,2.0,9.0,-0.1,4.0,,,13.0,21.0
NIVABUPA,no core fields extracted (page structure may have changed),Niva Bupa Health Insurance Company Ltd,*The pros and cons are machine generated.Pros / cons are based on a checklist to highlight important points. Please exercise caution and do your own analysis.,,,,,,,,,,,,55.3,12.09,16.17,,16.44,,,,,,,,,,,,,,
NLCINDIA,,NLC India Ltd,*The pros and cons are machine generated.Pros / cons are based on a checklist to highlight important points. Please exercise caution and do your own analysis.,37273.0,269.0,388.0,230.0,11.6,155.0,1.43,8.42,11.9,10.0,1.74,69.47,4.62,12.94,4.31,8.66,12.0,3.0,17.0,15.0,2.0,12.0,37.0,26.0,33.0,8.0,14.0,,8.0,56.0
NMDC,,NMDC Ltd,*The pros and cons are machine generated.Pros / cons are based on a checklist to highlight important points. Please exercise caution and do your own analysis.,69587.0,79.2,97.5,72.2,9.33,38.7,3.16,27.6,23.4,1.0,2.05,60.79,13.59,13.8,0.0,11.8,16.0,22.0,27.0,4.0,17.0,14.0,18.0,17.0,29.0,28.0,12.0,,17.0,11.0
NSLNISP,no core fields extracted (page structure may have changed),NMDC Steel Ltd,*The pros and cons are machine generated.Pros / cons are based on a checklist to highlight important points. Please exercise caution and do your own analysis.,,,,,,,,,,,,60.79,5.48,15.78,,17.93,,,,,,,,,,,,,,
NTPCGREEN,,NTPC Green Energy Ltd,*The pros and cons are machine generated.Pros / cons are based on a checklist to highlight important points. Please exercise caution and do your own analysis.,74615.0,88.6,120.0,84.0,123.0,22.5,0.0,3.56,2.79,10.0,3.94,89.01,1.67,5.21,,4.12,,156.0,42.0,,45.0,9.0,,,86.0,4.0,,,,
NUVAMA,,Nuvama Wealth Management Ltd,*The pros and cons are machine generated.Pros / cons are based on a checklist to highlight important points. Please exercise caution and do your own analysis.,31609.0,1714.0,2067.0,1097.0,29.2,226.0,1.62,17.5,27.4,2.0,7.58,53.98,19.0,8.49,,18.51,27.0,28.0,13.0,59.0,51.0,5.0,,,52.0,18.0,,,,
NUVOCO,,Nuvoco Vistas Corporation Ltd,*The pros and cons are machine generated.Pros / cons are based on a checklist to highlight important points. Please exercise caution and do your own analysis.,11736.0,329.0,453.0,276.0,28.3,262.0,0.0,6.99,4.17,10.0,1.26,72.02,4.71,18.0,,5.27,9.0,2.0,9.0,101.0,-3.0,173.0,-9.0,-3.0,16.0,7.0,,,,
NYKAA,,FSN E-Commerce Ventures Ltd,*The pros and cons are machine generated.Pros / cons are based on a checklist to highlight important points. Please exercise caution and do your own analysis.,95138.0,332.0,351.0,219.0,357.0,5.02,0.0,17.2,15.3,1.0,66.14,52.07,13.73,24.08,,10.12,33.0,25.0,27.0,28.0,122.0,234.0,,32.0,8.0,17.0,,,,
OBEROIRLTY,,Oberoi Realty Ltd,*The pros and cons are machine generated.Pros / cons are based on a checklist to highlight important points. Please exercise caution and do your own analysis.,64903.0,1785.0,1986.0,1390.0,24.5,493.0,0.45,17.3,14.6,10.0,3.62,67.71,15.11,14.83,,2.36,24.0,13.0,30.0,27.0,9.0,28.0,20.0,16.0,56.0,17.0,20.0,,16.0,19.0
OFSS,,Oracle Financial Services Software Ltd,*The pros and cons are machine generated.Pros / cons are based on a checklist to highlight important points. Please exercise caution and do your own analysis.,103594.0,11896.0,12540.0,6232.0,30.4,899.0,3.36,45.3,32.6,5.0,13.23,72.41,9.7,8.79,0.0,9.08,9.0,10.0,29.0,8.0,13.0,42.0,20.0,41.0,50.0,45.0,13.0,,6.0,9.0
OIL,,Oil India Ltd,*The pros and cons are machine generated.Pros / cons are based on a checklist to highlight important points. Please exercise caution and do your own analysis.,77378.0,476.0,531.0,396.0,9.26,357.0,2.42,11.5,12.2,10.0,1.33,56.66,7.28,20.13,9.87,6.06,13.0,-3.0,19.0,12.0,-9.0,27.0,30.0,36.0,35.0,12.0,13.0,,13.0,11.0
OLAELEC,,Ola Electric Mobility Ltd,*The pros and cons are machine generated.Pros / cons are based on a checklist to highlight important points. Please exercise caution and do your own analysis.,16843.0,36.4,59.2,21.2,,7.6,0.0,-19.9,-43.2,10.0,4.79,32.96,4.11,12.16,,46.26,383.0,-5.0,-49.0,,-12.0,26.0,,,-49.0,-20.0,,,,
OLECTRA,,Olectra Greentech Ltd,*The pros and cons are machine generated.Pros / cons are based on a checklist to highlight important points. Please exercise caution and do your own analysis.,9840.0,1199.0,1714.0,867.0,55.5,150.0,0.05,21.0,15.6,4.0,7.99,50.02,7.95,0.58,,41.47,52.0,28.0,38.0,85.0,39.0,26.0,25.0,-1.0,14.0,21.0,49.0,,38.0,40.0
ONESOURCE,,OneSource Specialty Pharma Ltd,*The pros and cons are machine generated.Pros / cons are based on a checklist to highlight important points. Please exercise caution and do your own analysis.,18289.0,1595.0,1925.0,1057.0,,509.0,0.0,0.57,-1.09,1.0,3.13,30.48,19.19,23.37,,26.95,131.0,232.0,4.0,8.0,24.0,-142.0,,,22.0,1.0,,,,
PAGEIND,no core fields extracted (page structure may have changed),Page Industries Ltd,*The pros and cons are machine generated.Pros / cons are based on a checklist to highlight important points. Please exercise caution and do your own analysis.,,,,,,,,,,,,42.89,18.91,32.93,0.71,4.56,,,,,,,,,,,,,,
PARADEEP,,Paradeep Phosphates Ltd,*The pros and cons are machine generated.Pros / cons are based on a checklist to highlight important points. Please exercise caution and do your own analysis.,16161.0,156.0,202.0,99.7,14.9,65.3,0.96,15.4,16.2,10.0,2.39,57.86,5.1,18.07,0.1,18.85,33.0,18.0,28.0,35.0,48.0,14.0,,28.0,10.0,15.0,,,,
PATANJALI,,Patanjali Foods Ltd,*The pros and cons are machine generated.Pros / cons are based on a checklist to highlight important points. Please exercise caution and do your own analysis.,39934.0,367.0,614.0,328.0,18.4,120.0,1.36,12.1,16.0,2.0,3.06,68.25,8.53,11.05,0.0,12.16,,,20.0,,,78.0,1.0,-5.0,4.6,12.0,49.0,,3.0,13.0
PAYTM,,One 97 Communications Ltd,*The pros and cons are machine generated.Pros / cons are based on a checklist to highlight important points. Please exercise caution and do your own analysis.,118691.0,1850.0,1856.0,931.0,146.0,250.0,0.0,4.96,4.64,1.0,7.4,,48.09,24.87,,27.04,25.0,2.0,23.0,19.0,34.0,263.0,,29.0,7.0,5.0,,,26.0,9.0
PCBL,,PCBL Chemical Ltd,*The pros and cons are machine generated.Pros / cons are based on a checklist to highlight important points. Please exercise caution and do your own analysis.,13248.0,337.0,409.0,226.0,50.1,102.0,1.78,7.75,5.56,1.0,3.3,53.38,5.79,11.26,1.19,28.37,25.0,12.0,2.0,-7.0,-21.0,-36.0,22.0,27.0,13.0,8.0,29.0,,16.0,31.0
PERSISTENT,,Persistent Systems Ltd,*The pros and cons are machine generated.Pros / cons are based on a checklist to highlight important points. Please exercise caution and do your own analysis.,85437.0,5416.0,6599.0,4243.0,42.9,497.0,0.74,34.4,27.2,5.0,10.9,30.29,20.79,30.25,,17.99,29.0,21.0,25.0,36.0,28.0,31.0,25.0,23.0,18.0,34.0,34.0,,20.0,22.0
PETRONET,,Petronet LNG Ltd,*The pros and cons are machine generated.Pros / cons are based on a checklist to highlight important points. Please exercise caution and do your own analysis.,43890.0,293.0,326.0,235.0,10.4,149.0,3.42,22.6,18.3,10.0,1.97,50.0,26.27,13.68,,10.05,11.0,-10.0,-25.0,6.0,5.0,13.0,5.0,7.0,15.0,23.0,6.0,,5.0,16.0
PFIZER,,Pfizer Ltd,*The pros and cons are machine generated.Pros / cons are based on a checklist to highlight important points. Please exercise caution and do your own analysis.,18310.0,4002.0,5578.0,3956.0,119.0,302.0,1.87,27.2,19.8,10.0,13.25,63.92,1.65,17.8,,16.62,,,0.0,,,6.0,-7.0,1.0,-12.0,27.0,7.0,,,
PFOCUS,,Prime Focus Ltd,*The pros and cons are machine generated.Pros / cons are based on a checklist to highlight important points. Please exercise caution and do your own analysis.,26817.0,344.0,367.0,161.0,150.0,26.9,0.0,11.3,15.7,1.0,12.79,60.73,3.41,1.07,,34.77,13.0,0.0,29.0,53.0,8.0,19.0,33.0,62.0,30.0,11.0,17.0,,13.0,12.0
PGEL,,PG Electroplast Ltd,*The pros and cons are machine generated.Pros / cons are based on a checklist to highlight important points. Please exercise caution and do your own analysis.,15174.0,529.0,645.0,437.0,73.7,107.0,0.05,10.3,6.7,1.0,4.94,43.37,9.95,23.88,,22.71,50.0,35.0,15.0,75.0,36.0,-24.0,67.0,43.0,7.0,10.0,43.0,,,
PHOENIXLTD,,Phoenix Mills Ltd,*The pros and cons are machine generated.Pros / cons are based on a checklist to highlight important points. Please exercise caution and do your own analysis.,67168.0,1878.0,2170.0,1465.0,51.8,307.0,0.13,12.4,11.0,2.0,6.12,47.25,31.73,17.38,0.0,3.64,34.0,19.0,18.0,81.0,12.0,32.0,35.0,27.0,60.0,12.0,25.0,,10.0,24.0
PIIND,,P I Industries Ltd,*The pros and cons are machine generated.Pros / cons are based on a checklist to highlight important points. Please exercise caution and do your own analysis.,35909.0,2367.0,3833.0,2191.0,33.2,740.0,0.63,15.0,11.2,1.0,3.2,46.09,14.83,31.5,0.15,7.44,8.0,1.0,-17.0,10.0,-1.0,-33.0,-6.0,-12.0,24.0,15.0,11.0,,12.0,14.0
PINELABS,,Pine Labs Ltd,*The pros and cons are machine generated.Pros / cons are based on a checklist to highlight important points. Please exercise caution and do your own analysis.,22159.0,192.0,284.0,135.0,171.0,51.3,0.0,4.15,2.46,1.0,3.74,,9.49,24.82,,65.68,32.0,19.0,20.0,32.0,36.0,262.0,,,14.0,4.0,,,,
PIRAMALFIN,,Piramal Finance Ltd,*The pros and cons are machine generated.Pros / cons are based on a checklist to highlight important points. Please exercise caution and do your own analysis.,54430.0,2300.0,2328.0,1235.0,121.0,1242.0,0.48,6.47,0.86,2.0,1.85,44.22,15.72,21.21,,18.64,6.0,21.0,18.0,15.0,-56.0,-23.0,,,59.0,6.0,23.0,,4.0,-11.0
PNBHOUSING,,PNB Housing Finance Ltd,*The pros and cons are machine generated.Pros / cons are based on a checklist to highlight important points. Please exercise caution and do your own analysis.,29552.0,1133.0,1212.0,730.0,12.8,738.0,0.71,9.4,12.7,10.0,1.54,28.03,16.81,45.71,0.02,9.42,2.0,9.0,10.0,20.0,30.0,14.0,16.0,19.0,,,,13.0,,
POLICYBZR,,PB Fintech Ltd,*The pros and cons are machine generated.Pros / cons are based on a checklist to highlight important points. Please exercise caution and do your own analysis.,80648.0,1743.0,1964.0,1334.0,108.0,158.0,0.0,10.3,9.75,2.0,11.03,,37.29,40.42,,22.14,50.0,38.0,38.0,42.0,50.0,99.0,,32.0,8.0,10.0,,,54.0,22.0
POLYCAB,,Polycab India Ltd,*The pros and cons are machine generated.Pros / cons are based on a checklist to highlight important points. Please exercise caution and do your own analysis.,126581.0,8400.0,10129.0,6660.0,44.2,798.0,0.56,33.2,23.0,10.0,10.53,61.46,19.0,7.62,,11.92,27.0,27.0,32.0,24.0,28.0,29.0,28.0,17.0,14.0,33.0,,,19.0,30.0
POLYMED,,Poly Medicure Ltd,*The pros and cons are machine generated.Pros / cons are based on a checklist to highlight important points. Please exercise caution and do your own analysis.,17495.0,1726.0,2094.0,1182.0,54.7,306.0,0.2,12.5,9.02,5.0,5.64,62.42,5.56,16.08,,15.94,19.0,19.0,18.0,14.0,15.0,-11.0,13.0,6.0,23.0,12.0,24.0,,16.0,19.0
POONAWALLA,,Poonawalla Fincorp Ltd,*The pros and cons are machine generated.Pros / cons are based on a checklist to highlight important points. Please exercise caution and do your own analysis.,42215.0,479.0,570.0,361.0,53.6,127.0,0.0,7.51,5.86,2.0,3.77,59.02,10.96,16.74,,12.75,24.0,46.0,72.0,24.0,5.0,340.0,23.0,8.0,,,17.0,6.0,10.0,10.0
POWERINDIA,no core fields extracted (page structure may have changed),Hitachi Energy India Ltd,*The pros and cons are machine generated.Pros / cons are based on a checklist to highlight important points. Please exercise caution and do your own analysis.,,,,,,,,,,,,71.31,12.44,6.32,,9.91,,,,,,,,,,,,,,
PPLPHARMA,,Piramal Pharma Ltd,*The pros and cons are machine generated.Pros / cons are based on a checklist to highlight important points. Please exercise caution and do your own analysis.,27713.0,208.0,232.0,132.0,,61.4,0.07,2.52,-3.83,10.0,3.39,34.8,12.51,14.57,,37.62,7.0,8.0,1.0,,-31.0,-296.0,,28.0,11.0,3.0,,,,
PREMIERENE,,Premier Energies Ltd,*The pros and cons are machine generated.Pros / cons are based on a checklist to highlight important points. Please exercise caution and do your own analysis.,40946.0,902.0,1134.0,660.0,24.6,95.1,0.11,32.7,41.0,1.0,9.48,58.48,7.92,17.97,,15.07,62.0,76.0,27.0,131.0,365.0,59.0,,,30.0,33.0,,,,
PRESTIGE,,Prestige Estates Projects Ltd,*The pros and cons are machine generated.Pros / cons are based on a checklist to highlight important points. Please exercise caution and do your own analysis.,61814.0,1435.0,1805.0,1090.0,54.3,378.0,0.14,10.4,7.53,10.0,3.8,60.95,13.27,23.51,,2.28,12.0,15.0,67.0,21.0,18.0,116.0,29.0,34.0,28.0,10.0,22.0,,9.0,9.0
PTCIL,,PTC Industries Ltd,*The pros and cons are machine generated.Pros / cons are based on a checklist to highlight important points. Please exercise caution and do your own analysis.,34191.0,22805.0,24143.0,14499.0,272.0,1005.0,0.0,8.59,7.16,10.0,22.69,59.72,3.95,9.35,,26.98,30.0,40.0,95.0,102.0,59.0,103.0,86.0,58.0,25.0,9.0,75.0,,20.0,32.0
PVRINOX,,PVR Inox Ltd,*The pros and cons are machine generated.Pros / cons are based on a checklist to highlight important points. Please exercise caution and do your own analysis.,13009.0,1325.0,1340.0,900.0,41.0,751.0,0.0,6.79,4.92,10.0,1.76,27.53,18.08,35.72,,18.67,88.0,21.0,14.0,20.0,45.0,321.0,-1.0,-8.0,32.0,7.0,1.0,,14.0,14.0
PWL,,Physicswallah Ltd,*The pros and cons are machine generated.Pros / cons are based on a checklist to highlight important points. Please exercise caution and do your own analysis.,39626.0,137.0,162.0,77.7,648.0,12.9,0.0,3.99,-0.63,1.0,10.62,71.27,12.01,13.12,,3.6,,74.0,33.0,,23.0,125.0,,,9.0,4.0,,,,
RADICO,,Radico Khaitan Ltd,*The pros and cons are machine generated.Pros / cons are based on a checklist to highlight important points. Please exercise caution and do your own analysis.,60766.0,4535.0,4748.0,2500.0,85.5,248.0,0.2,24.2,20.3,2.0,18.29,40.19,18.2,28.08,0.0,13.51,21.0,24.0,19.0,17.0,41.0,76.0,37.0,55.0,18.0,24.0,46.0,,14.0,23.0
RAILTEL,,Railtel Corporation of India Ltd,*The pros and cons are machine generated.Pros / cons are based on a checklist to highlight important points. Please exercise caution and do your own analysis.,8505.0,265.0,401.0,245.0,45.3,53.7,1.23,16.2,12.0,10.0,4.93,72.84,3.98,0.99,,22.19,15.0,20.0,32.0,4.0,3.0,-2.0,15.0,7.0,16.0,16.0,,,,
RAINBOW,,Rainbow Childrens Medicare Ltd,*The pros and cons are machine generated.Pros / cons are based on a checklist to highlight important points. Please exercise caution and do your own analysis.,14775.0,1455.0,1610.0,1009.0,51.6,162.0,0.24,17.4,15.9,10.0,8.98,49.84,16.03,22.56,,11.39,21.0,13.0,18.0,44.0,6.0,11.0,,12.0,32.0,17.0,,,22.0,31.0
RAMCOCEM,,The Ramco Cements Ltd,*The pros and cons are machine generated.Pros / cons are based on a checklist to highlight important points. Please exercise caution and do your own analysis.,20552.0,870.0,1214.0,838.0,108.0,343.0,0.29,6.13,0.38,1.0,2.54,42.55,7.52,29.5,3.39,17.04,11.0,3.0,9.0,-48.0,-54.0,38.0,-2.0,0.0,15.0,6.0,4.0,,10.0,-25.0
RBLBANK,,RBL Bank Ltd,*The pros and cons are machine generated.Pros / cons are based on a checklist to highlight important points. Please exercise caution and do your own analysis.,64533.0,416.0,420.0,262.0,71.8,271.0,0.24,5.81,5.43,10.0,1.54,60.0,8.77,16.92,0.15,14.16,11.0,14.0,5.0,11.0,-2.0,55.0,19.0,22.0,,,3.0,5.0,,
REDINGTON,,Redington Ltd,*The pros and cons are machine generated.Pros / cons are based on a checklist to highlight important points. Please exercise caution and do your own analysis.,31259.0,400.0,413.0,191.0,17.4,130.0,1.5,18.4,16.9,2.0,3.08,0.0,61.96,16.37,0.06,21.61,16.0,15.0,23.0,16.0,5.0,42.0,24.0,36.0,2.0,18.0,22.0,,13.0,14.0
RHIM,,RHI Magnesita India Ltd,*The pros and cons are machine generated.Pros / cons are based on a checklist to highlight important points. Please exercise caution and do your own analysis.,7614.0,369.0,508.0,323.0,40.7,172.0,0.68,6.46,2.83,1.0,2.15,56.07,3.98,14.34,,25.6,24.0,14.0,8.0,-5.0,-27.0,14.0,0.0,-22.0,12.0,6.0,13.0,,,
RITES,,Rites Ltd,*The pros and cons are machine generated.Pros / cons are based on a checklist to highlight important points. Please exercise caution and do your own analysis.,9960.0,207.0,273.0,175.0,23.9,55.8,3.84,23.0,15.4,10.0,3.71,72.2,3.43,8.74,,15.63,5.0,-3.0,11.0,-1.0,-9.0,8.0,8.0,-6.0,23.0,23.0,,,7.0,2.0
RKFORGE,,Ramkrishna Forgings Ltd,*The pros and cons are machine generated.Pros / cons are based on a checklist to highlight important points. Please exercise caution and do your own analysis.,13191.0,724.0,773.0,460.0,115.0,181.0,0.14,5.6,2.51,2.0,4.0,43.39,20.43,5.09,,30.9,27.0,10.0,9.0,30.0,-32.0,-60.0,30.0,3.0,16.0,6.0,25.0,,17.0,4.0
RPOWER,,Reliance Power Ltd,*The pros and cons are machine generated.Pros / cons are based on a checklist to highlight important points. Please exercise caution and do your own analysis.,8739.0,21.1,50.7,20.2,2434.0,38.8,0.0,6.11,-0.9,10.0,0.54,24.98,13.64,2.79,0.0,58.57,-1.0,0.0,3.0,,24.0,125.0,10.0,4.0,31.0,6.0,-8.0,,-3.0,
RRKABEL,,R R Kabel Ltd,*The pros and cons are machine generated.Pros / cons are based on a checklist to highlight important points. Please exercise caution and do your own analysis.,27720.0,2451.0,2984.0,1180.0,45.3,228.0,0.39,28.1,21.3,5.0,10.75,61.38,10.68,11.87,,16.07,29.0,20.0,38.0,31.0,39.0,81.0,,27.0,9.0,28.0,,,,
RVNL,,Rail Vikas Nigam Ltd,*The pros and cons are machine generated.Pros / cons are based on a checklist to highlight important points. Please exercise caution and do your own analysis.,44680.0,214.0,401.0,195.0,49.7,47.1,0.8,10.8,9.02,10.0,4.54,72.84,2.41,6.6,0.01,18.15,6.0,0.0,5.0,-2.0,-13.0,-24.0,47.0,9.0,4.3,11.0,,,16.0,7.0
SAGILITY,,Sagility Ltd,*The pros and cons are machine generated.Pros / cons are based on a checklist to highlight important points. Please exercise caution and do your own analysis.,21375.0,45.7,57.9,35.8,20.8,20.6,0.33,13.4,10.6,10.0,2.22,50.95,9.99,21.42,,17.65,,19.0,29.0,,86.0,54.0,,,24.0,13.0,,,,
SAIL,,Steel Authority of India Ltd,*The pros and cons are machine generated.Pros / cons are based on a checklist to highlight important points. Please exercise caution and do your own analysis.,73247.0,177.0,210.0,124.0,15.2,146.0,1.33,7.92,6.57,10.0,1.21,65.0,7.09,16.87,0.0,11.05,10.0,2.0,6.0,-1.0,26.0,59.0,11.0,23.0,12.0,8.0,14.0,,11.0,11.0
SAILIFE,,Sai Life Sciences Ltd,*The pros and cons are machine generated.Pros / cons are based on a checklist to highlight important points. Please exercise caution and do your own analysis.,33994.0,1600.0,1697.0,784.0,92.4,117.0,0.0,19.6,15.4,1.0,13.68,34.53,19.65,32.71,,13.11,24.0,22.0,18.0,42.0,227.0,51.0,,,29.0,20.0,,,,
SAMMAANCAP,,Sammaan Capital Ltd,*The pros and cons are machine generated.Pros / cons are based on a checklist to highlight important points. Please exercise caution and do your own analysis.,16717.0,144.0,193.0,129.0,,164.0,0.0,4.92,-3.21,2.0,0.88,28.34,19.6,7.94,0.05,42.71,-4.0,-2.0,-17.0,,,59.0,-6.0,-7.0,,,-15.0,-3.0,-1.0,
SAPPHIRE,,Sapphire Foods India Ltd,*The pros and cons are machine generated.Pros / cons are based on a checklist to highlight important points. Please exercise caution and do your own analysis.,7395.0,230.0,319.0,140.0,3005.0,43.3,0.0,3.98,-1.03,2.0,5.31,26.06,25.25,41.92,,6.75,25.0,11.0,10.0,13.0,,-86.0,,-8.0,15.0,4.0,,,,
SARDAEN,,Sarda Energy & Minerals Ltd,*The pros and cons are machine generated.Pros / cons are based on a checklist to highlight important points. Please exercise caution and do your own analysis.,17829.0,506.0,624.0,453.0,15.9,209.0,0.4,16.9,15.1,1.0,2.42,73.16,3.51,3.47,,19.84,21.0,11.0,6.0,22.0,20.0,20.0,50.0,33.0,32.0,17.0,38.0,,14.0,58.0
SAREGAMA,,Saregama India Ltd,*The pros and cons are machine generated.Pros / cons are based on a checklist to highlight important points. Please exercise caution and do your own analysis.,9639.0,500.0,575.0,306.0,42.2,87.8,0.9,17.3,12.7,1.0,5.69,60.84,11.5,8.6,,18.63,17.0,10.0,-11.0,13.0,4.0,14.0,7.0,9.0,36.0,17.0,37.0,,16.0,34.0
SBFC,,SBFC Finance Ltd,*The pros and cons are machine generated.Pros / cons are based on a checklist to highlight important points. Please exercise caution and do your own analysis.,10243.0,92.4,123.0,79.6,29.6,29.4,0.0,11.6,11.6,10.0,3.14,52.31,7.22,20.72,,19.69,,35.0,28.0,,75.0,46.0,,2.0,,,,12.0,,
SBICARD,no core fields extracted (page structure may have changed),SBI Cards & Payment Services Ltd,*The pros and cons are machine generated.Pros / cons are based on a checklist to highlight important points. Please exercise caution and do your own analysis.,,,,,,,,,,,,68.86,8.98,18.13,,4.02,,,,,,,,,,,,,,
SCHAEFFLER,,Schaeffler India Ltd,*The pros and cons are machine generated.Pros / cons are based on a checklist to highlight important points. Please exercise caution and do your own analysis.,65923.0,4218.0,4468.0,3518.0,52.6,393.0,0.83,27.3,20.2,2.0,10.73,74.13,4.36,16.21,0.02,5.29,,12.0,20.0,,10.0,24.0,24.0,10.0,18.0,27.0,18.0,,,
SCHNEIDER,no core fields extracted (page structure may have changed),Schneider Electric Infrastructure Ltd,*The pros and cons are machine generated.Pros / cons are based on a checklist to highlight important points. Please exercise caution and do your own analysis.,,,,,,,,,,,,75.0,3.42,4.65,,16.91,,,,,,,,,,,,,,
SCI,,Shipping Corporation of India Ltd,*The pros and cons are machine generated.Pros / cons are based on a checklist to highlight important points. Please exercise caution and do your own analysis.,12905.0,277.0,369.0,195.0,7.98,195.0,2.71,13.9,15.0,10.0,1.42,63.75,8.98,2.09,,25.2,9.0,0.0,17.0,14.0,15.0,79.0,26.0,24.0,40.0,14.0,18.0,,4.0,5.0
SHYAMMETL,,Shyam Metalics & Energy Ltd,*The pros and cons are machine generated.Pros / cons are based on a checklist to highlight important points. Please exercise caution and do your own analysis.,30704.0,1100.0,1116.0,746.0,27.3,413.0,0.41,13.0,9.7,10.0,2.66,74.59,2.97,13.75,,8.42,24.0,14.0,23.0,5.0,9.0,22.0,24.0,36.0,13.0,13.0,,,,
SIGNATURE,,SignatureGlobal India Ltd,*The pros and cons are machine generated.Pros / cons are based on a checklist to highlight important points. Please exercise caution and do your own analysis.,10649.0,757.0,1154.0,705.0,,132.0,0.0,2.38,-30.3,1.0,5.73,69.54,9.45,5.46,,15.55,100.0,19.0,-23.0,,,-108.0,,,-6.0,2.0,,,,
SJVN,,SJVN Ltd,*The pros and cons are machine generated.Pros / cons are based on a checklist to highlight important points. Please exercise caution and do your own analysis.,25131.0,64.0,95.4,63.0,39.3,36.2,2.35,5.73,4.58,10.0,1.77,81.85,2.79,3.74,,11.62,13.0,16.0,60.0,-19.0,-22.0,-7.0,19.0,-8.0,68.0,6.0,9.0,,6.0,-7.0
SOBHA,,Sobha Ltd,*The pros and cons are machine generated.Pros / cons are based on a checklist to highlight important points. Please exercise caution and do your own analysis.,12994.0,1215.0,1732.0,1130.0,56.3,441.0,0.49,6.86,4.16,10.0,2.76,52.88,6.12,25.99,,15.0,20.0,16.0,32.0,25.0,23.0,126.0,12.0,23.0,6.0,7.0,16.0,,10.0,3.0
SONACOMS,,Sona BLW Precision Forgings Ltd,*The pros and cons are machine generated.Pros / cons are based on a checklist to highlight important points. Please exercise caution and do your own analysis.,50430.0,808.0,844.0,402.0,69.4,96.2,0.42,14.2,11.3,10.0,8.4,28.01,23.61,41.6,0.01,6.77,23.0,19.0,40.0,24.0,18.0,20.0,7.0,10.0,24.0,14.0,,,,
SONATSOFTW,,Sonata Software Ltd,*The pros and cons are machine generated.Pros / cons are based on a checklist to highlight important points. Please exercise caution and do your own analysis.,7684.0,274.0,403.0,207.0,15.2,67.9,2.88,30.7,28.2,1.0,4.04,28.17,9.17,24.68,,36.7,20.0,13.0,4.0,16.0,4.0,18.0,-4.0,-20.0,7.0,31.0,17.0,,19.0,13.0
SPLPETRO,,Supreme Petrochem Ltd,*The pros and cons are machine generated.Pros / cons are based on a checklist to highlight important points. Please exercise caution and do your own analysis.,16279.0,866.0,982.0,461.0,33.1,126.0,1.21,,13.7,2.0,6.87,64.24,3.8,4.14,0.09,27.73,,,,,,,20.0,22.0,13.0,,23.0,,,
SRF,,SRF Ltd,*The pros and cons are machine generated.Pros / cons are based on a checklist to highlight important points. Please exercise caution and do your own analysis.,74462.0,2512.0,3239.0,2314.0,33.2,474.0,0.36,14.6,14.3,10.0,5.3,50.26,15.45,22.44,0.04,11.81,13.0,2.0,13.0,10.0,-4.0,57.0,3.0,3.0,22.0,15.0,23.0,,13.0,16.0
STARHEALTH,no core fields extracted (page structure may have changed),Star Health & Allied Insurance Company Ltd,*The pros and cons are machine generated.Pros / cons are based on a checklist to highlight important points. Please exercise caution and do your own analysis.,,,,,,,,,,,,58.01,16.04,19.41,,6.55,,,,,,,,,,,,,,
SUMICHEM,,Sumitomo Chemical India Ltd,*The pros and cons are machine generated.Pros / cons are based on a checklist to highlight important points. Please exercise caution and do your own analysis.,23003.0,461.0,605.0,363.0,40.2,67.9,0.28,22.1,16.2,10.0,6.79,75.0,3.02,9.33,,12.65,4.0,-3.0,-4.0,8.0,2.0,3.0,3.0,2.0,21.0,22.0,,,,
SUNDARMFIN,,Sundaram Finance Ltd,*The pros and cons are machine generated.Pros / cons are based on a checklist to highlight important points. Please exercise caution and do your own analysis.,52559.0,4731.0,5642.0,4000.0,23.1,1341.0,0.85,9.44,15.0,10.0,3.53,37.21,18.58,8.0,,35.43,13.0,21.0,14.0,13.0,17.0,19.0,14.0,17.0,,,14.0,15.0,7.0,14.0
SUNTV,,Sun TV Network Ltd,*The pros and cons are machine generated.Pros / cons are based on a checklist to highlight important points. Please exercise caution and do your own analysis.,17801.0,452.0,661.0,448.0,11.3,321.0,2.77,16.4,12.2,5.0,1.41,75.0,5.8,11.3,,7.9,6.0,5.0,13.0,0.0,-4.0,-8.0,-2.0,-9.0,51.0,16.0,-1.0,,6.0,7.0
SUPREMEIND,,Supreme Industries Ltd,*The pros and cons are machine generated.Pros / cons are based on a checklist to highlight important points. Please exercise caution and do your own analysis.,45479.0,3580.0,4445.0,3140.0,44.0,486.0,1.01,20.7,15.8,2.0,7.37,48.96,17.08,18.98,0.1,14.88,12.0,7.0,9.0,-1.0,3.0,16.0,10.0,-5.0,14.0,21.0,15.0,,14.0,15.0
SUZLON,,Suzlon Energy Ltd,*The pros and cons are machine generated.Pros / cons are based on a checklist to highlight important points. Please exercise caution and do your own analysis.,58823.0,43.1,61.5,38.2,18.7,6.96,0.0,34.2,39.7,2.0,6.19,11.7,24.15,11.12,0.0,53.02,38.0,41.0,45.0,45.0,163.0,50.0,49.0,19.0,17.0,34.0,11.0,,6.0,23.0
SWANCORP,,Swan Corp Ltd,*The pros and cons are machine generated.Pros / cons are based on a checklist to highlight important points. Please exercise caution and do your own analysis.,9245.0,295.0,506.0,274.0,41.4,240.0,0.05,-0.58,-4.5,1.0,1.23,53.96,10.35,12.9,,22.78,69.0,45.0,-17.0,,,-65.0,18.0,0.0,-6.0,-1.0,17.0,,29.0,
SWIGGY,,Swiggy Ltd,*The pros and cons are machine generated.Pros / cons are based on a checklist to highlight important points. Please exercise caution and do your own analysis.,75370.0,273.0,464.0,236.0,,66.4,0.0,-24.1,-29.1,1.0,4.11,,13.96,27.38,,53.57,55.0,41.0,47.0,,0.0,-1.0,,,-12.0,-24.0,,,,
SYNGENE,,Syngene International Ltd,*The pros and cons are machine generated.Pros / cons are based on a checklist to highlight important points. Please exercise caution and do your own analysis.,14897.0,369.0,679.0,367.0,50.3,120.0,0.34,9.99,7.78,10.0,3.08,52.59,11.82,28.01,,7.15,11.0,5.0,-3.0,0.0,-8.0,-42.0,-11.0,-23.0,22.0,10.0,4.0,,,
SYRMA,,Syrma SGS Technology Ltd,*The pros and cons are machine generated.Pros / cons are based on a checklist to highlight important points. Please exercise caution and do your own analysis.,33338.0,1729.0,1765.0,634.0,89.8,148.0,0.09,16.8,14.0,10.0,11.68,42.28,7.51,15.9,0.01,34.17,40.0,33.0,53.0,36.0,39.0,84.0,,49.0,11.0,17.0,,,,
TARIL,,Transformers & Rectifiers India Ltd,*The pros and cons are machine generated.Pros / cons are based on a checklist to highlight important points. Please exercise caution and do your own analysis.,8400.0,280.0,552.0,224.0,32.5,50.5,0.09,23.3,19.1,1.0,5.54,64.36,7.8,1.54,0.0,26.32,28.0,22.0,15.0,106.0,87.0,0.0,83.0,50.0,15.0,23.0,33.0,,14.0,44.0
TATACHEM,,Tata Chemicals Ltd,*The pros and cons are machine generated.Pros / cons are based on a checklist to highlight important points. Please exercise caution and do your own analysis.,17661.0,693.0,1002.0,580.0,,832.0,1.59,3.42,1.27,10.0,0.83,37.98,12.06,21.11,0.03,28.81,7.0,-5.0,2.0,3.0,-51.0,-193.0,-3.0,-13.0,11.0,3.0,11.0,,0.0,-10.0
TATACOMM,,Tata Communications Ltd,*The pros and cons are machine generated.Pros / cons are based on a checklist to highlight important points. Please exercise caution and do your own analysis.,50748.0,1780.0,2110.0,1322.0,48.8,121.0,0.98,14.6,32.6,10.0,14.71,58.86,13.75,19.85,0.0,7.53,8.0,12.0,8.0,-4.0,-15.0,0.0,5.0,-2.0,19.0,15.0,18.0,,3.0,49.0
TATAELXSI,,Tata Elxsi Ltd,*The pros and cons are machine generated.Pros / cons are based on a checklist to highlight important points. Please exercise caution and do your own analysis.,20353.0,3267.0,5950.0,3267.0,199.0,45.5,2.3,60.0,39.3,10.0,71.8,43.9,9.85,11.03,,35.2,17.0,16.0,10.0,16.0,43.0,41.0,-11.0,-24.0,21.0,60.0,15.0,,,
TATAINVEST,,Tata Investment Corporation Ltd,*The pros and cons are machine generated.Pros / cons are based on a checklist to highlight important points. Please exercise caution and do your own analysis.,35536.0,702.0,1185.0,539.0,82.5,578.0,0.48,1.57,1.44,1.0,1.21,73.38,2.66,0.56,0.41,22.96,20.0,13.0,31.0,23.0,20.0,32.0,41.0,37.0,89.0,2.0,27.0,,5.0,8.0
TATATECH,,Tata Technologies Ltd,*The pros and cons are machine generated.Pros / cons are based on a checklist to highlight important points. Please exercise caution and do your own analysis.,29335.0,722.0,891.0,507.0,45.1,96.6,1.16,20.9,16.3,2.0,7.47,55.17,6.3,4.48,,34.04,18.0,8.0,15.0,21.0,-1.0,-5.0,,,16.0,21.0,,,,
TBOTEK,,TBO Tek Ltd,*The pros and cons are machine generated.Pros / cons are based on a checklist to highlight important points. Please exercise caution and do your own analysis.,18575.0,1711.0,1765.0,1004.0,69.0,143.0,0.0,18.3,17.4,1.0,11.97,44.4,28.93,21.09,,4.02,80.0,36.0,69.0,90.0,19.0,25.0,,,14.0,18.0,,,,
TECHNOE,,Techno Electric & Engineering Company Ltd,*The pros and cons are machine generated.Pros / cons are based on a checklist to highlight important points. Please exercise caution and do your own analysis.,11984.0,1030.0,1489.0,870.0,27.8,357.0,0.68,14.9,12.0,2.0,2.89,56.93,8.08,21.61,,13.39,30.0,58.0,39.0,27.0,36.0,-1.0,30.0,26.0,14.0,15.0,,,,
TEGA,,Tega Industries Ltd,*The pros and cons are machine generated.Pros / cons are based on a checklist to highlight important points. Please exercise caution and do your own analysis.,14597.0,1943.0,2048.0,1473.0,,454.0,0.1,8.14,5.94,10.0,4.28,67.51,2.8,18.68,,11.02,16.0,12.0,85.0,0.0,-8.0,-100.0,,26.0,8.0,8.0,,,12.0,37.0
TEJASNET,,Tejas Networks Ltd,*The pros and cons are machine generated.Pros / cons are based on a checklist to highlight important points. Please exercise caution and do your own analysis.,9231.0,518.0,645.0,294.0,,165.0,0.48,-14.6,-26.8,10.0,3.14,53.33,5.82,4.04,0.0,36.68,16.0,6.0,-83.0,,,-624.0,5.0,-15.0,-50.0,-15.0,,,6.0,
TENNIND,,Tenneco Clean Air India Ltd,*The pros and cons are machine generated.Pros / cons are based on a checklist to highlight important points. Please exercise caution and do your own analysis.,20903.0,518.0,657.0,438.0,33.7,29.7,0.0,60.8,44.4,10.0,17.44,74.79,9.69,11.45,,4.09,,4.0,15.0,,18.0,9.0,,,17.0,61.0,,,,
THELEELA,,Leela Palaces Hotels & Resorts Ltd,*The pros and cons are machine generated.Pros / cons are based on a checklist to highlight important points. Please exercise caution and do your own analysis.,18052.0,541.0,588.0,381.0,40.2,192.0,0.0,8.73,8.21,10.0,2.82,75.91,7.87,11.51,,4.71,,21.0,19.0,,106.0,241.0,,,48.0,9.0,,,,
THERMAX,,Thermax Ltd,*The pros and cons are machine generated.Pros / cons are based on a checklist to highlight important points. Please exercise caution and do your own analysis.,42323.0,3552.0,5278.0,2743.0,76.9,466.0,0.39,13.9,10.6,2.0,7.62,61.99,11.46,15.22,,5.88,18.0,10.0,5.0,18.0,7.0,-18.0,19.0,7.0,8.0,14.0,15.0,,8.0,7.0
TIINDIA,,Tube Investments of India Ltd,*The pros and cons are machine generated.Pros / cons are based on a checklist to highlight important points. Please exercise caution and do your own analysis.,50329.0,2600.0,3395.0,2165.0,80.3,400.0,0.13,17.1,9.95,1.0,6.5,44.11,22.35,21.01,0.45,12.08,30.0,15.0,18.0,17.0,-11.0,-3.0,11.0,-8.0,10.0,17.0,,,,
TIMKEN,,Timken India Ltd,*The pros and cons are machine generated.Pros / cons are based on a checklist to highlight important points. Please exercise caution and do your own analysis.,23500.0,3124.0,3925.0,2800.0,55.2,387.0,0.08,19.0,14.3,10.0,8.07,51.05,7.32,30.26,,11.33,,,9.0,,,-10.0,12.0,0.0,18.0,19.0,19.0,,,
TITAGARH,,Titagarh Rail Systems Ltd,*The pros and cons are machine generated.Pros / cons are based on a checklist to highlight important points. Please exercise caution and do your own analysis.,11281.0,838.0,971.0,569.0,58.1,182.0,0.12,10.9,6.78,2.0,4.6,40.46,10.87,15.38,0.01,33.28,16.0,5.0,-10.0,65.0,7.0,3.0,56.0,3.0,11.0,11.0,21.0,,13.0,27.0
TORNTPOWER,,Torrent Power Ltd,*The pros and cons are machine generated.Pros / cons are based on a checklist to highlight important points. Please exercise caution and do your own analysis.,63431.0,1259.0,1824.0,1188.0,27.3,379.0,1.59,13.7,12.5,10.0,3.32,51.09,8.53,22.69,8.35,9.37,19.0,4.0,4.0,12.0,4.0,-15.0,21.0,20.0,19.0,14.0,21.0,,10.0,10.0
TRAVELFOOD,,Travel Food Services Ltd,*The pros and cons are machine generated.Pros / cons are based on a checklist to highlight important points. Please exercise caution and do your own analysis.,16544.0,1256.0,1471.0,1035.0,34.8,110.0,0.82,42.4,35.3,1.0,11.42,86.19,1.65,10.02,,2.15,59.0,16.0,4.0,54.0,23.0,19.0,,,39.0,42.0,,,13.0,28.0
TRIDENT,,Trident Ltd,*The pros and cons are machine generated.Pros / cons are based on a checklist to highlight important points. Please exercise caution and do your own analysis.,11833.0,23.2,30.9,22.0,29.9,9.36,2.15,9.79,7.91,1.0,2.48,73.68,3.18,0.25,0.0,22.89,8.0,2.0,-2.0,3.0,-6.0,-9.0,-1.0,-15.0,13.0,10.0,15.0,,6.0,4.0
TRITURBINE,,Triveni Turbine Ltd,*The pros and cons are machine generated.Pros / cons are based on a checklist to highlight important points. Please exercise caution and do your own analysis.,18050.0,568.0,788.0,428.0,52.0,45.5,0.75,34.1,25.2,1.0,12.48,55.84,20.58,15.99,,7.6,25.0,20.0,18.0,25.0,25.0,2.0,33.0,9.0,19.0,34.0,17.0,,12.0,12.0
TTML,,Tata Teleservices (Maharashtra) Ltd,*The pros and cons are machine generated.Pros / cons are based on a checklist to highlight important points. Please exercise caution and do your own analysis.,6985.0,35.7,60.1,30.1,,-2.87,0.0,-12.7,,10.0,,74.36,2.52,0.18,,22.94,,,8.0,,,-132.0,0.0,-30.0,-28.0,-13.0,20.0,,,
UBL,,United Breweries Ltd,*The pros and cons are machine generated.Pros / cons are based on a checklist to highlight important points. Please exercise caution and do your own analysis.,33090.0,1252.0,1846.0,1214.0,95.7,171.0,0.8,10.7,7.69,1.0,7.32,70.84,4.87,17.79,1.16,5.37,17.0,7.0,1.0,24.0,2.0,-26.0,-4.0,-8.0,8.0,11.0,3.0,,7.0,2.0
UCOBANK,,UCO Bank,*The pros and cons are machine generated.Pros / cons are based on a checklist to highlight important points. Please exercise caution and do your own analysis.,29781.0,23.8,34.2,22.2,12.1,24.6,1.85,5.76,8.5,10.0,0.97,90.95,0.06,4.3,0.01,4.68,,19.0,15.0,,37.0,48.0,12.0,-18.0,,,-5.0,8.0,,
UNOMINDA,,Uno Minda Ltd,*The pros and cons are machine generated.Pros / cons are based on a checklist to highlight important points. Please exercise caution and do your own analysis.,74147.0,1284.0,1382.0,994.0,60.7,118.0,0.21,19.6,19.3,2.0,10.88,68.36,8.15,17.52,,5.96,25.0,20.0,19.0,43.0,23.0,19.0,29.0,28.0,11.0,20.0,38.0,,23.0,28.0
UPL,,UPL Ltd,*The pros and cons are machine generated.Pros / cons are based on a checklist to highlight important points. Please exercise caution and do your own analysis.,48946.0,580.0,812.0,550.0,24.8,411.0,1.03,10.1,5.64,2.0,1.41,33.5,42.39,14.32,0.02,9.77,6.0,-1.0,13.0,-10.0,-21.0,36.0,-3.0,-1.0,17.0,10.0,3.0,,14.0,6.0
URBANCO,,Urban Company Ltd,*The pros and cons are machine generated.Pros / cons are based on a checklist to highlight important points. Please exercise caution and do your own analysis.,26080.0,169.0,201.0,96.4,,13.9,0.0,-7.82,-12.0,1.0,12.16,19.02,55.28,11.42,,9.74,44.0,35.0,39.0,1.0,8.0,-241.0,,,-20.0,-8.0,,,,
USHAMART,,Usha Martin Ltd,*The pros and cons are machine generated.Pros / cons are based on a checklist to highlight important points. Please exercise caution and do your own analysis.,15456.0,507.0,529.0,379.0,28.4,108.0,0.74,19.5,15.1,1.0,4.69,40.28,15.1,15.26,,29.24,12.0,4.0,9.0,25.0,9.0,35.0,48.0,15.0,20.0,19.0,44.0,,-1.0,12.0
UTIAMC,,UTI Asset Management Company Ltd,*The pros and cons are machine generated.Pros / cons are based on a checklist to highlight important points. Please exercise caution and do your own analysis.,11504.0,895.0,1425.0,866.0,21.6,350.0,4.47,15.6,10.3,10.0,2.56,,6.89,59.62,,33.51,8.0,10.0,2.0,-1.0,2.0,-25.0,-5.0,4.0,45.0,16.0,,,,
VIJAYA,,Vijaya Diagnostic Centre Ltd,*The pros and cons are machine generated.Pros / cons are based on a checklist to highlight important points. Please exercise caution and do your own analysis.,16056.0,1559.0,1578.0,848.0,85.6,93.0,0.13,20.5,18.3,1.0,16.76,52.51,11.65,31.61,,4.22,17.0,21.0,20.0,14.0,24.0,24.0,22.0,48.0,42.0,21.0,,,,
VMM,,Vishal Mega Mart Ltd,*The pros and cons are machine generated.Pros / cons are based on a checklist to highlight important points. Please exercise caution and do your own analysis.,48090.0,103.0,152.0,98.7,53.9,15.9,0.0,15.2,12.2,10.0,6.48,40.09,20.43,34.8,,4.68,24.0,19.0,20.0,48.0,39.0,30.0,,,15.0,15.0,,,,
VOLTAS,,Voltas Ltd,*The pros and cons are machine generated.Pros / cons are based on a checklist to highlight important points. Please exercise caution and do your own analysis.,36758.0,1111.0,1582.0,1111.0,78.7,193.0,0.36,9.04,6.1,1.0,5.76,30.3,16.94,38.93,0.11,13.72,14.0,14.0,4.0,-6.0,17.0,-28.0,-2.0,8.0,4.0,9.0,11.0,,10.0,2.0
VTL,,Vardhman Textiles Ltd,*The pros and cons are machine generated.Pros / cons are based on a checklist to highlight important points. Please exercise caution and do your own analysis.,16739.0,578.0,688.0,386.0,19.7,363.0,0.86,8.55,6.86,2.0,1.59,65.08,6.07,14.69,0.0,14.15,10.0,-1.0,3.0,11.0,-4.0,0.0,9.0,13.0,14.0,9.0,11.0,,5.0,2.0
WAAREEENER,,Waaree Energies Ltd,*The pros and cons are machine generated.Pros / cons are based on a checklist to highlight important points. Please exercise caution and do your own analysis.,73659.0,2561.0,3720.0,2402.0,18.3,502.0,0.16,38.4,32.5,10.0,5.1,64.12,8.57,4.08,,23.23,69.0,58.0,94.0,143.0,99.0,81.0,,,21.0,38.0,,,,
WELCORP,,Welspun Corp Ltd,*The pros and cons are machine generated.Pros / cons are based on a checklist to highlight important points. Please exercise caution and do your own analysis.,70171.0,2660.0,2786.0,710.0,30.4,347.0,0.19,22.9,19.4,5.0,7.67,49.73,14.61,19.96,0.0,15.68,19.0,20.0,20.0,21.0,119.0,42.0,85.0,88.0,14.0,23.0,43.0,,9.0,29.0
WELSPUNLIV,,Welspun Living Ltd,*The pros and cons are machine generated.Pros / cons are based on a checklist to highlight important points. Please exercise caution and do your own analysis.,20280.0,215.0,216.0,107.0,72.9,51.3,0.05,6.26,4.48,1.0,4.19,66.36,5.21,11.38,0.01,16.69,5.0,5.0,-3.0,-17.0,4.0,-49.0,11.0,20.0,9.0,6.0,15.0,,5.0,-11.0
WHIRLPOOL,,Whirlpool of India Ltd,*The pros and cons are machine generated.Pros / cons are based on a checklist to highlight important points. Please exercise caution and do your own analysis.,9106.0,718.0,1438.0,706.0,33.4,328.0,0.7,10.7,7.71,10.0,2.19,39.76,12.48,34.18,,13.58,6.0,6.0,6.0,-2.0,13.0,-23.0,-21.0,-24.0,4.9,11.0,-3.0,,,
WOCKPHARMA,,Wockhardt Ltd,*The pros and cons are machine generated.Pros / cons are based on a checklist to highlight important points. Please exercise caution and do your own analysis.,33897.0,2086.0,2422.0,1087.0,85.0,304.0,0.0,7.55,6.11,5.0,6.86,49.09,7.23,9.24,0.02,34.44,4.0,8.0,18.0,-19.0,43.0,983.0,39.0,105.0,22.0,8.0,10.0,,-3.0,1.0
YESBANK,,Yes Bank Ltd,*The pros and cons are machine generated.Pros / cons are based on a checklist to highlight important points. Please exercise caution and do your own analysis.,71314.0,22.7,25.8,17.2,18.9,16.7,0.0,5.98,7.1,2.0,1.36,0.0,46.12,24.04,0.01,29.83,9.0,10.0,0.0,25.0,69.0,38.0,12.0,8.0,,,-21.0,7.0,8.0,3.0
ZEEL,,Zee Entertainment Enterprises Ltd,*The pros and cons are machine generated.Pros / cons are based on a checklist to highlight important points. Please exercise caution and do your own analysis.,7552.0,78.6,122.0,68.0,36.1,122.0,2.54,2.72,2.4,1.0,0.64,3.99,20.11,7.81,0.1,67.97,1.0,0.0,2.0,-21.0,95.0,-73.0,-21.0,-33.0,3.2,3.0,-17.0,,3.0,-10.0
ZENSARTECH,,Zensar Technologies Ltd,*The pros and cons are machine generated.Pros / cons are based on a checklist to highlight important points. Please exercise caution and do your own analysis.,9933.0,436.0,845.0,420.0,12.5,207.0,3.44,22.8,17.3,2.0,2.11,49.0,10.73,21.98,0.0,17.94,9.0,5.0,8.0,18.0,34.0,18.0,-3.0,-6.0,16.0,23.0,8.0,,7.0,10.0
ZENTEC,,Zen Technologies Ltd,*The pros and cons are machine generated.Pros / cons are based on a checklist to highlight important points. Please exercise caution and do your own analysis.,15236.0,1687.0,2044.0,1223.0,83.8,209.0,0.06,16.2,10.7,1.0,8.07,48.51,6.47,10.42,,34.22,66.0,46.0,-24.0,128.0,67.0,-28.0,56.0,33.0,33.0,16.0,36.0,,29.0,56.0
ZFCVINDIA,,ZF Commercial Vehicle Control System India Ltd,*The pros and cons are machine generated.Pros / cons are based on a checklist to highlight important points. Please exercise caution and do your own analysis.,27165.0,2387.0,3044.0,2050.0,53.8,324.0,0.17,19.4,14.6,5.0,7.37,60.0,5.93,25.45,,8.62,,6.0,9.0,,17.0,4.0,15.0,-1.0,16.0,19.0,8.0,,,
ZYDUSWELL,,Zydus Wellness Ltd,*The pros and cons are machine generated.Pros / cons are based on a checklist to highlight important points. Please exercise caution and do your own analysis.,16616.0,522.0,612.0,358.0,75.0,183.0,0.23,4.91,3.98,2.0,2.85,69.63,3.32,19.13,0.0,7.92,16.0,21.0,66.0,-2.0,-10.0,-31.0,2.0,18.0,13.0,5.0,11.0,,26.0,8.0
